a[m],e[prop],i[rad],r[rad],o[rad],t[rad]
7.181337233e+06,1.136500000e-03,1.725645429e+00,2.208117266e+00,3.643908884e+00,2.640241590e+00
7.653597121e+06,5.644600000e-02,1.731675541e+00,1.821896846e+00,6.035348553e-01,5.983262693e+00
7.673568319e+06,6.075060000e-02,1.730856982e+00,5.887431899e+00,3.591252301e+00,5.634186370e+00
7.738056767e+06,7.058270000e-02,1.734686234e+00,5.625300899e+00,2.430161544e-01,6.074203073e+00
7.810965868e+06,7.208920000e-02,1.735040536e+00,3.925681820e+00,7.434997894e-01,6.085442994e+00
7.776277920e+06,7.033220000e-02,1.738019813e+00,4.317944569e-02,5.962400772e+00,2.969745790e+00
7.794466363e+06,8.618380000e-02,1.735202852e+00,3.719732968e+00,2.395026321e+00,4.013023332e+00
8.021497474e+06,9.727050000e-02,1.728778295e+00,4.369608061e+00,9.266581317e-01,5.507081022e+00
8.053350723e+06,1.027543000e-01,1.730771461e+00,4.756706381e+00,4.939931046e+00,1.566878063e+00
8.098564351e+06,8.129992000e-02,1.741098574e+00,5.485714701e+00,5.102274591e+00,1.035816259e+00
7.238467874e+06,3.708380000e-03,1.723460276e+00,1.503173545e+00,1.686968932e+00,5.122440126e+00
7.191006987e+06,8.787300000e-03,1.719753197e+00,1.485289156e+00,5.032082685e+00,2.408688758e+00
7.205279610e+06,3.512800000e-03,1.725804254e+00,2.830650030e+00,6.203057241e-01,6.228926511e+00
7.128688489e+06,2.166900000e-03,1.725317307e+00,3.101158611e+00,1.815173838e+00,4.953291541e+00
7.243148912e+06,1.300450000e-02,1.723783162e+00,1.039301682e+00,5.745824610e+00,5.261679003e-01
7.194362311e+06,2.048820000e-02,1.720700911e+00,7.056750138e-01,2.160384256e+00,6.526449298e-01
7.244533002e+06,1.270950000e-02,1.723880901e+00,6.405463075e-01,5.873987628e+00,3.304164837e+00
7.264414054e+06,5.760300000e-03,1.724858285e+00,1.315768816e+00,4.345522517e+00,4.833294919e+00
7.281208575e+06,1.473230000e-02,1.722479401e+00,8.714952554e-02,1.495160738e+00,1.274795467e+00
7.257156837e+06,3.269340000e-02,1.713991865e+00,3.211144024e-01,3.889377226e+00,5.300835464e+00
7.224143079e+06,9.129800000e-03,1.729579401e+00,2.045696926e+00,4.996189989e+00,1.271538683e+00
7.201248684e+06,6.250370000e-03,1.725055507e+00,2.352134854e+00,1.169211774e+00,5.579264349e+00
7.259799005e+06,1.373106000e-02,1.717177091e+00,4.584522669e+00,1.490038197e+00,1.163619739e+00
7.177355091e+06,4.778000000e-03,1.727788693e+00,3.753997272e+00,1.414957623e+00,5.398170731e+00
7.193979177e+06,4.926000000e-03,1.729361235e+00,3.255562654e-02,4.827620854e+00,4.305907034e+00
7.244971531e+06,2.465100000e-03,1.723762218e+00,1.465273720e+00,1.185340361e+00,5.315265847e+00
7.299292950e+06,9.304300000e-03,1.732595330e+00,2.030168731e+00,2.503971518e-01,8.790787110e-01
7.225467718e+06,6.232100000e-03,1.722235055e+00,1.193103586e+00,5.564333058e+00,7.127069454e-01
7.197763356e+06,4.167170000e-03,1.732745428e+00,5.991453523e+00,5.054862722e+00,1.222528092e+00
7.253240399e+06,7.163500000e-03,1.724664554e+00,8.999196876e-01,5.769363866e+00,3.392565764e+00
7.230569055e+06,5.186590000e-03,1.729507842e+00,1.984411434e+00,2.381501764e-02,9.952582980e-01
7.167217988e+06,6.110200000e-03,1.726968388e+00,5.937402421e+00,1.487505724e+00,5.903349302e-01
7.240465336e+06,7.892300000e-03,1.723212440e+00,1.300364541e+00,1.690422939e+00,1.001314590e+00
7.181337545e+06,3.883230000e-03,1.723961186e+00,2.286219004e+00,5.913295933e+00,8.445787877e-01
7.433926782e+06,2.974180000e-02,1.735845133e+00,4.174761248e+00,1.663246417e+00,5.226903317e+00
7.161753493e+06,7.581900000e-03,1.730539332e+00,1.002569482e+00,5.705968272e+00,5.710246074e-01
7.072890440e+06,3.941900000e-03,1.728540930e+00,1.159568830e+00,3.466391446e+00,5.524008970e+00
7.218523637e+06,5.002090000e-03,1.723496928e+00,1.891474397e+00,3.264107786e+00,3.019913534e+00
7.267044197e+06,1.452930000e-02,1.716627312e+00,4.051228589e+00,2.327002113e+00,4.505455763e+00
7.240165700e+06,1.570161000e-02,1.714030263e+00,3.681772057e+00,3.374107162e+00,3.111466525e+00
7.296441234e+06,1.127600000e-02,1.725704770e+00,3.240846037e+00,1.353867609e+00,6.042705116e+00
7.228849694e+06,5.243430000e-03,1.725352213e+00,1.923410432e+00,1.138254869e+00,5.588155056e+00
7.272174372e+06,1.095277000e-02,1.732968830e+00,2.167477274e+00,1.349994723e+00,5.457206493e+00
7.275314481e+06,1.312110000e-02,1.715395110e+00,1.279757438e+00,4.607948478e-01,2.178568842e+00
7.149943498e+06,1.047090000e-02,1.724245675e+00,5.619790894e+00,9.243298625e-01,2.274006936e+00
7.054966511e+06,3.604900000e-03,1.721196584e+00,2.996103752e+00,2.058971900e+00,4.757477816e+00
7.256938743e+06,9.907200000e-03,1.724481294e+00,1.143244765e+00,1.706008729e+00,9.637533597e-01
7.368087356e+06,1.887490000e-02,1.735599041e+00,1.914132261e+00,7.182588377e-01,5.591469437e+00
7.230077313e+06,2.906810000e-03,1.722817995e+00,1.269613584e+00,8.553282705e-01,5.943373192e+00
7.241859413e+06,8.079200000e-03,1.723638300e+00,1.079177219e+00,2.197830295e+00,4.100542867e+00
7.114339547e+06,1.165920000e-02,1.725627975e+00,4.553843271e-01,2.302899116e+00,4.197668695e+00
7.172394868e+06,6.693110000e-03,1.731302041e+00,1.744039454e+00,2.948129887e+00,4.303212245e+00
7.263884187e+06,1.440581000e-02,1.716578443e+00,4.200867883e+00,2.224889880e+00,5.114333071e+00
7.239307736e+06,1.289990000e-03,1.723050124e+00,1.337245093e+00,4.516667758e-01,6.961071189e-02
7.056727644e+06,1.794020000e-02,1.711398306e+00,1.150910251e+00,4.672382543e+00,1.577035879e+00
7.119857323e+06,2.356170000e-02,1.727666520e+00,4.946688960e+00,5.617069926e+00,2.742261321e+00
7.222586447e+06,1.216200000e-03,1.720290759e+00,7.967113876e-01,2.737180667e+00,1.183961551e-01
7.256153165e+06,1.143270000e-02,1.722908752e+00,5.131049835e+00,3.151902313e+00,5.246679643e+00
7.263931590e+06,1.906410000e-02,1.723383482e+00,7.016555206e-01,3.899740991e+00,5.160565098e+00
7.262438463e+06,7.290700000e-03,1.724983949e+00,1.122772053e+00,6.274545927e-01,2.265576995e+00
7.232478972e+06,3.729090000e-02,1.725460424e+00,1.984617383e+00,4.794325207e+00,1.730382252e+00
7.197370371e+06,2.666300000e-03,1.721056958e+00,8.528813189e-01,1.894785287e+00,7.447913330e-01
7.243097109e+06,5.920030000e-03,1.723730803e+00,1.788751298e+00,5.443317163e+00,1.333831229e+00
7.081751454e+06,1.935770000e-02,1.724741348e+00,3.053078281e+00,1.083142607e+00,5.236075022e+00
6.966482066e+06,8.815700000e-03,1.729352508e+00,9.202894253e-01,4.488428331e-01,5.844044759e+00
7.125320313e+06,1.672230000e-02,1.728432720e+00,3.352979951e+00,3.163468610e+00,3.638062031e+00
7.089071771e+06,1.530910000e-02,1.713613129e+00,2.681665234e+00,5.916161764e+00,1.407630731e+00
7.114471906e+06,2.010320000e-02,1.724882720e+00,1.666719622e-01,2.011464038e+00,6.022782183e-01
7.067518641e+06,1.055190000e-02,1.720215709e+00,2.605258210e+00,5.257057371e+00,1.460063912e+00
7.174128028e+06,1.928810000e-02,1.728513005e+00,4.547067903e+00,1.394401135e+00,5.480234367e+00
7.162304022e+06,1.671940000e-02,1.726718806e+00,5.638055765e+00,5.504463028e+00,7.574746407e-01
7.180865820e+06,7.572900000e-03,1.719596118e+00,1.010599742e+00,4.868681470e+00,4.124398027e+00
7.206382718e+06,8.585600000e-03,1.721667823e+00,1.736349533e+00,1.651605071e+00,4.923661086e+00
7.261336701e+06,8.417400000e-03,1.726285965e+00,9.395508789e-01,3.403015050e+00,5.563008353e+00
7.200093192e+06,1.170493000e-02,1.714728394e+00,4.903315783e+00,1.445575934e+00,1.367812789e+00
7.254072844e+06,8.237280000e-03,1.727945773e+00,2.497402099e+00,3.508254914e+00,3.259976591e+00
7.271541820e+06,1.062530000e-02,1.712558950e+00,5.896882857e+00,1.440547641e+00,6.444383917e-01
7.329049392e+06,1.426540000e-02,1.737880187e+00,1.773671654e+00,6.351305508e-01,4.158421476e-01
7.245577895e+06,1.328780000e-02,1.734340659e+00,1.256574230e+00,5.386470044e+00,3.785224703e+00
7.292501408e+06,1.579890000e-02,1.718414530e+00,3.051414982e+00,3.780749679e-01,5.918634896e+00
7.329932550e+06,1.466550000e-02,1.726744986e+00,3.785455087e+00,3.744202484e+00,3.128364803e+00
7.263982838e+06,1.774470000e-02,1.713660253e+00,6.172646624e+00,3.486595377e+00,4.924235300e+00
7.099124553e+06,2.512265000e-02,1.722324067e+00,2.713409283e+00,1.375778472e+00,5.468558115e+00
7.334427999e+06,1.940010000e-02,1.717836826e+00,1.031988752e+00,1.672732282e+00,4.651131414e+00
7.349112375e+06,1.996865000e-02,1.731523698e+00,2.767160188e+00,4.049834071e+00,5.301868699e+00
7.361903236e+06,2.933500000e-02,1.716351550e+00,4.277795015e+00,2.829300891e-01,6.018226873e+00
7.349299955e+06,2.241770000e-02,1.721077902e+00,1.507102281e+00,2.598426992e+00,4.704383155e+00
6.995122329e+06,1.118930000e-02,1.726488423e+00,5.911868254e+00,4.737565355e+00,4.644212929e+00
7.056379238e+06,1.937680000e-02,1.711220282e+00,7.507533777e-01,6.071091151e+00,1.330663456e+00
7.008629250e+06,1.944707000e-02,1.709347544e+00,1.815531630e+00,2.253036805e+00,4.585576848e+00
7.146292715e+06,8.702900000e-03,1.725765856e+00,6.140921775e+00,2.719692468e+00,6.243065424e+00
7.173160333e+06,1.197080000e-02,1.718653640e+00,4.926697959e-01,5.925165918e+00,3.003247385e+00
7.125879896e+06,5.589800000e-03,1.727553074e+00,2.845270653e-01,4.419437211e+00,4.609815980e+00
7.138983062e+06,2.364321000e-02,1.716410892e+00,1.275491853e+00,1.678868859e+00,4.653494590e+00
7.278040173e+06,9.292720000e-03,1.735532719e+00,4.908913054e+00,4.092273497e-02,2.614396754e+00
7.169707463e+06,9.975270000e-03,1.717013030e+00,5.468371365e+00,2.356704126e+00,4.163640010e-01
7.186980975e+06,8.168000000e-03,1.717274830e+00,1.879855740e+00,3.651637202e+00,2.820368295e+00
7.202294720e+06,6.177900000e-03,1.716033900e+00,1.845247606e+00,2.857016719e+00,3.647581057e+00
7.186695516e+06,4.651900000e-03,1.719831737e+00,1.095953324e+00,1.487596481e-01,2.560584763e+00
6.812233235e+06,2.991200000e-03,1.691951847e+00,3.953404630e+00,4.965809042e+00,1.313766924e+00
7.291777507e+06,2.294522000e-02,1.713829550e+00,5.754296439e+00,4.519299715e+00,4.480666852e+00
7.414015191e+06,2.897940000e-02,1.723119937e+00,4.153970886e-01,4.239743347e+00,4.776552520e+00
7.134511349e+06,4.260540000e-03,1.738271140e+00,1.767264550e+00,5.002101419e+00,1.844376687e+00
7.225077033e+06,1.174280000e-02,1.716733778e+00,6.102337781e+00,5.520322835e+00,3.450049928e+00
7.155521991e+06,2.863988000e-02,1.722788325e+00,2.469448905e+00,2.530217779e+00,4.292441818e+00
7.202969585e+06,2.736720000e-02,1.731235718e+00,4.452423934e+00,3.111639313e+00,3.175352557e+00
7.225068256e+06,1.538200000e-02,1.736250049e+00,3.159515440e+00,3.429151356e+00,3.196155137e+00
7.191666816e+06,1.601100000e-03,1.736066790e+00,3.251487310e+00,3.898643179e+00,2.384395520e+00
7.271612422e+06,6.152700000e-03,1.723212440e+00,1.017820169e+00,1.045926952e+00,1.625742782e+00
7.154960671e+06,1.845170000e-02,1.731012316e+00,3.688475867e+00,1.536528532e+00,5.307382194e+00
7.343810412e+06,1.719280000e-02,1.719966127e+00,2.593147371e+00,5.530803537e+00,1.083393935e+00
7.338192932e+06,1.690700000e-02,1.736171509e+00,1.982852855e+00,3.730719816e+00,4.688975388e+00
7.238817177e+06,2.994630000e-02,1.743283726e+00,3.050580714e+00,2.549964434e+00,4.228828058e+00
7.394017505e+06,2.388272000e-02,1.735176672e+00,5.375572208e+00,4.856307085e+00,3.541105501e+00
7.422890990e+06,2.988300000e-02,1.721411260e+00,4.770201267e+00,5.492086898e+00,1.237503017e+00
7.373857640e+06,4.264400000e-02,1.714459614e+00,7.254565756e-01,6.165989939e+00,2.744380150e+00
7.496668709e+06,3.521242000e-02,1.722109392e+00,3.561679442e+00,4.482539590e+00,1.733668707e+00
7.512435012e+06,3.796772000e-02,1.723554524e+00,3.814708550e+00,1.883678011e+00,2.508945706e-01
7.120953234e+06,2.086170000e-02,1.728423993e+00,1.777602135e+00,1.791732321e+00,4.534388086e+00
7.100532879e+06,3.443700000e-03,1.722671388e+00,2.880973108e+00,4.981621725e+00,1.297008272e+00
7.230384706e+06,8.189910000e-03,1.729677139e+00,2.215161415e+00,8.504064420e-01,1.416526674e-01
7.081499010e+06,4.032500000e-03,1.721428713e+00,2.889841126e+00,2.698608891e+00,4.063412733e+00
7.206497655e+06,2.505500000e-03,1.722760399e+00,1.766999260e+00,5.284757491e+00,1.372320975e+00
7.123233392e+06,3.933200000e-03,1.723222912e+00,2.768025871e+00,8.265530272e-02,8.631578176e-01
7.246174855e+06,6.391200000e-03,1.724247420e+00,9.749007776e-01,1.192796408e+00,6.050344422e+00
7.260985513e+06,3.469800000e-03,1.725024091e+00,1.498773570e+00,4.758989271e+00,1.820931679e+00
7.424453085e+06,2.721014000e-02,1.731204302e+00,1.285024842e+00,1.288580077e+00,6.136499110e+00
7.375383806e+06,2.242390000e-02,1.725701279e+00,4.808547896e+00,5.112736095e+00,4.416927427e+00
7.155573154e+06,1.507900000e-03,1.725186407e+00,2.506776262e+00,1.956411117e+00,4.526563775e+00
7.323743948e+06,1.384270000e-02,1.718936383e+00,3.612068843e+00,2.517398336e+00,4.235125206e+00
7.258394412e+06,1.256910000e-02,1.717250395e+00,4.674567695e+00,1.329658147e+00,4.979913048e+00
7.248645746e+06,4.473400000e-03,1.724182843e+00,1.109025840e+00,3.902851168e+00,5.068797431e+00
7.276708001e+06,9.386300000e-03,1.729998280e+00,2.022185595e+00,2.936783502e+00,3.352302764e+00
7.223664794e+06,1.658500000e-03,1.722442750e+00,1.147629032e+00,5.713143320e+00,3.475666126e+00
7.241227412e+06,2.776900000e-03,1.723217676e+00,1.217274651e+00,9.639994511e-01,1.057686980e-01
7.158006799e+06,2.499640000e-02,1.715510302e+00,7.913445002e-01,1.450441912e+00,1.164064798e+00
7.014350521e+06,1.543800000e-03,1.729205900e+00,1.609270365e+00,6.074368879e+00,1.278451932e+00
7.313008870e+06,1.417900000e-02,1.737963963e+00,1.462619074e+00,4.782872357e+00,3.768678982e+00
7.265909631e+06,1.326776000e-02,1.721406024e+00,5.836103511e+00,5.849137630e+00,6.892567016e-01
7.200345160e+06,1.628957000e-02,1.728544421e+00,5.290419339e+00,3.597924694e+00,5.543509534e+00
7.258310333e+06,3.091900000e-03,1.725271928e+00,1.615518644e+00,4.368307790e+00,3.202911306e+00
7.214083557e+06,3.690000000e-03,1.721486309e+00,1.187736699e+00,3.829362335e+00,5.136071147e+00
7.042334854e+06,6.262000000e-04,1.723407917e+00,2.920983036e+00,2.419719239e+00,4.815937620e+00
7.056537251e+06,1.004975000e-02,1.725987513e+00,1.950796393e+00,5.346222752e-01,5.760808262e+00
7.222909595e+06,1.507020000e-02,1.718250469e+00,2.051468729e+00,1.505870079e-01,9.666977301e-01
7.151886992e+06,1.132150000e-02,1.721891225e+00,3.017747581e+00,5.818400637e+00,4.567509199e-01
7.256823265e+06,3.222500000e-03,1.724346904e+00,1.362339437e+00,3.054621152e+00,3.520859681e+00
7.246064840e+06,3.455600000e-03,1.724558089e+00,8.311345164e-01,1.820818233e+00,1.023230690e+00
7.230313070e+06,6.523200000e-03,1.722886063e+00,9.953630177e-01,5.108529851e+00,4.050586308e+00
7.206758658e+06,7.272690000e-03,1.721276870e+00,1.147971117e+00,4.433260218e+00,3.062904484e+00
7.167451219e+06,4.991100000e-03,1.721358900e+00,2.172278675e+00,1.138649313e+00,5.155645015e+00
7.238577200e+06,3.612940000e-03,1.723126919e+00,1.127248823e+00,4.383132617e-01,6.160664939e+00
6.978421790e+06,1.633830000e-02,1.728069691e+00,5.614898737e-02,2.989399943e-02,6.256326435e+00
7.252579198e+06,3.152100000e-03,1.724147936e+00,1.413034270e+00,2.701003483e+00,1.593258714e-01
7.243248163e+06,8.130200000e-03,1.724156663e+00,8.684636185e-01,2.394511449e+00,2.922571286e-01
7.261134704e+06,3.882620000e-03,1.724887956e+00,1.526791340e+00,4.878341867e+00,1.900555345e+00
7.250433606e+06,8.512600000e-03,1.724959514e+00,7.645502055e-01,5.327547729e-01,2.117333965e+00
7.248335845e+06,2.516410000e-03,1.723688915e+00,1.264574819e+00,1.749950884e+00,4.973964966e+00
7.236238523e+06,3.373560000e-03,1.723214185e+00,1.536994535e+00,6.950983186e-01,6.111994687e+00
7.303553776e+06,1.076550000e-02,1.726938718e+00,7.610770003e-01,1.193138493e+00,1.613413776e+00
7.154446450e+06,7.430300000e-03,1.747807620e+00,1.920488750e+00,1.150573403e+00,5.148199440e+00
7.139943146e+06,6.834100000e-04,1.732508063e+00,2.541309347e+00,1.003456109e+00,5.800038028e+00
7.250570932e+06,5.369000000e-03,1.724106048e+00,1.502119366e+00,2.991375656e+00,3.494306242e+00
7.090763028e+06,3.372900000e-03,1.726446535e+00,3.330203405e+00,5.418660897e+00,1.920027983e+00
7.221948465e+06,5.572800000e-03,1.722058777e+00,1.251697780e+00,2.161558863e+00,4.132962358e+00
7.251021682e+06,4.332180000e-03,1.724392282e+00,1.531187825e+00,2.157225210e+00,4.622162439e+00
7.215216653e+06,9.287150000e-03,1.721297814e+00,7.420092782e-01,1.358072107e+00,5.206619101e+00
7.182299973e+06,7.573000000e-03,1.726877631e+00,5.381714022e+00,1.643117535e+00,4.657240067e+00
7.247065123e+06,1.105972000e-02,1.723852976e+00,1.135015538e+00,3.248319537e-01,1.321144431e-01
7.170818812e+06,5.226990000e-03,1.727771240e+00,5.328535585e+00,1.594190720e+00,6.040863794e-01
7.261649739e+06,1.315590000e-02,1.716899584e+00,4.471694114e+00,1.106369449e+00,5.202259268e+00
7.286424678e+06,1.442730000e-02,1.727329671e+00,9.100338706e-01,3.976673359e+00,5.059562894e+00
7.183568056e+06,3.980900000e-03,1.736407129e+00,4.755557954e+00,2.389915997e+00,3.900781208e+00
7.189363110e+06,7.601520000e-03,1.725390611e+00,2.371640654e+00,1.532676591e+00,1.101379552e+00
7.246712466e+06,9.050700000e-03,1.724601722e+00,8.261760360e-01,2.600884415e+00,1.199163369e-01
7.156370910e+06,4.430800000e-03,1.723755237e+00,2.522274786e+00,3.379995903e+00,3.315671793e+00
7.122527358e+06,9.054400000e-03,1.724617430e+00,6.112389132e+00,5.796966248e+00,2.513754088e+00
7.208716917e+06,2.204400000e-03,1.722191422e+00,1.702432550e+00,5.624595786e+00,1.793720251e+00
7.047324794e+06,6.434900000e-03,1.726455261e+00,1.361128178e+00,2.545637763e+00,1.178463764e-01
7.248673197e+06,5.786900000e-03,1.725189898e+00,1.018359476e+00,5.343273145e+00,3.626883197e+00
7.219736268e+06,4.729170000e-03,1.725900247e+00,2.498082777e+00,4.053246190e+00,2.743566827e+00
7.278634221e+06,1.139020000e-02,1.733618093e+00,1.774415164e+00,3.056647479e+00,3.603094360e+00
7.278149317e+06,2.686060000e-02,1.726547764e+00,9.577354644e-01,6.747373075e-01,2.185523979e+00
7.253271843e+06,1.288394000e-02,1.717321953e+00,4.814038701e+00,8.945388375e-01,1.751984192e+00
7.286037730e+06,7.564900000e-03,1.728731171e+00,1.895500871e+00,3.701417483e+00,3.682642976e+00
7.182743094e+06,1.058534000e-02,1.716800100e+00,1.379098088e+00,5.434100079e+00,1.329555172e+00
7.249952934e+06,8.814400000e-03,1.720173821e+00,3.920379510e+00,7.500290661e-01,6.060090341e+00
7.046854525e+06,1.216070000e-02,1.734937562e+00,4.385443433e+00,1.172442378e+00,9.909194095e-01
7.236343257e+06,2.870500000e-03,1.722790070e+00,1.261986496e+00,1.162738348e-01,2.737397088e+00
7.170407345e+06,2.562170000e-03,1.734674017e+00,2.311932940e+00,2.640981610e+00,4.159599573e+00
7.219575377e+06,8.218400000e-03,1.726062562e+00,5.428169451e+00,4.534539930e-01,1.639365077e+00
7.097428294e+06,1.196120000e-02,1.722491619e+00,2.890643978e+00,2.763329190e+00,4.095310370e+00
7.217436410e+06,1.233560000e-02,1.722254254e+00,6.332141793e-01,6.081130285e+00,2.853328838e+00
7.231878995e+06,8.798400000e-03,1.723268290e+00,9.187413182e-01,5.627189345e+00,3.372506695e+00
7.243759769e+06,4.029800000e-03,1.724099067e+00,1.644562668e+00,1.897050724e+00,4.395821161e+00
7.262607559e+06,1.300988000e-02,1.724722150e+00,1.554533349e+00,2.244598138e-01,2.828201333e-01
7.237582290e+06,1.313093000e-02,1.733089258e+00,1.725593069e+00,4.274707528e+00,2.498147354e+00
7.268208395e+06,8.055700000e-03,1.725968315e+00,1.186237461e+00,2.173704609e+00,6.857485898e-01
7.173427006e+06,6.600000000e-04,1.733047370e+00,2.175441212e+00,1.945050769e+00,4.341422739e+00
7.202326048e+06,1.871060000e-02,1.720645060e+00,7.250621312e-01,4.826037840e+00,4.218418914e+00
7.136926262e+06,3.849400000e-03,1.727048673e+00,2.399166242e+00,4.133142127e+00,2.624413199e+00
7.321843230e+06,1.421680000e-02,1.738119297e+00,6.249482999e-01,5.024310734e+00,3.969299343e+00
7.212558260e+06,3.903500000e-03,1.731848329e+00,4.246860800e+00,2.393017447e+00,4.410914768e+00
7.441241939e+06,3.448218000e-02,1.733286480e+00,2.756293768e-01,4.766778676e+00,1.449633825e+00
7.182976855e+06,6.228800000e-03,1.730956466e+00,5.656130395e+00,2.890624779e+00,5.482899485e+00
7.043883392e+06,3.882600000e-03,1.734431416e+00,4.563564755e-01,5.857084114e+00,3.064667267e+00
7.254263546e+06,6.750000000e-03,1.727973698e+00,1.986605313e+00,2.315290954e+00,3.979907455e+00
7.186500261e+06,7.313100000e-03,1.729111653e+00,4.435270838e+00,2.675589743e-02,4.193293154e-01
7.321459237e+06,1.355842000e-02,1.735752630e+00,1.973309395e+00,5.471971979e+00,1.222468751e+00
7.314210398e+06,1.276072000e-02,1.737918584e+00,1.400911213e+00,3.686466993e+00,3.113396860e+00
7.166213860e+06,3.674300000e-03,1.731886726e+00,1.163012364e+00,4.814188800e+00,1.671632724e+00
7.004819286e+06,4.475840000e-03,1.726148084e+00,1.373933659e+00,2.976018503e+00,4.370456291e+00
7.066851080e+06,2.158470000e-02,1.723385227e+00,1.883215499e+00,5.456499635e+00,7.973239982e-01
7.026478207e+06,1.141686000e-02,1.723458531e+00,2.574824904e+00,5.737867654e+00,1.052930958e+00
7.255944410e+06,1.822390000e-02,1.725242258e+00,1.073168050e+00,3.954481498e+00,5.025888511e+00
7.254933318e+06,7.383400000e-03,1.725134047e+00,8.565883983e-01,1.455653465e+00,1.250800680e+00
7.192819550e+06,6.835600000e-03,1.729078491e+00,4.706885957e+00,1.071794476e+00,2.028685201e+00
7.230693334e+06,4.615100000e-03,1.733017699e+00,4.462791189e+00,3.831969857e+00,2.960226764e+00
7.084722162e+06,1.744820000e-02,1.713086039e+00,8.714778021e-01,6.185446869e-02,2.276403273e+00
7.146484645e+06,1.141110000e-02,1.732637218e+00,5.928708936e+00,3.666037914e+00,5.282996454e+00
7.115200120e+06,1.889246000e-02,1.714712686e+00,1.470799433e+00,6.071016102e+00,6.622739113e-01
7.155704356e+06,1.726190000e-02,1.717292283e+00,5.760930435e-01,3.457909146e+00,5.512063937e+00
7.137970540e+06,2.547690000e-02,1.716997322e+00,7.943569384e-01,4.259303252e+00,4.890026846e+00
7.143523516e+06,3.393500000e-03,1.714466595e+00,1.270229686e+00,1.646381301e+00,8.327489460e-01
7.226123476e+06,3.420300000e-03,1.736005703e+00,2.966461080e+00,3.129776775e-01,1.030774003e-01
7.190307003e+06,2.805590000e-02,1.721285596e+00,2.721589641e+00,4.884926994e+00,1.345229974e+00
7.096599864e+06,7.780300000e-03,1.714119274e+00,5.897509430e+00,5.353661345e+00,9.191706692e-01
7.195555184e+06,9.266600000e-03,1.730905851e+00,1.707490514e+00,4.619219814e+00,2.735407413e+00
7.290913680e+06,1.264160000e-02,1.744039454e+00,3.871173442e+00,2.267887811e+00,4.385052479e+00
7.342234115e+06,1.878227000e-02,1.721969765e+00,4.867135108e+00,8.696312438e-01,1.899111958e+00
7.323398337e+06,1.686940000e-02,1.689911558e+00,6.271502073e+00,3.216503930e+00,5.304189987e+00
7.366745738e+06,2.896470000e-02,1.732986284e+00,1.450202802e+00,7.307012900e-01,2.181164146e+00
7.289726309e+06,3.300310000e-02,1.720610154e+00,3.971561290e+00,2.389734482e+00,4.465580226e+00
7.377868069e+06,2.760314000e-02,1.734213250e+00,1.560423835e+00,3.090286955e+00,4.435637357e+00
7.361962335e+06,2.969300000e-02,1.716149092e+00,4.117114768e+00,2.473550429e-01,6.051993758e+00
7.423680987e+06,2.884690000e-02,1.725696043e+00,2.115897559e+00,5.554725020e+00,1.046276017e+00
7.456430931e+06,3.146970000e-02,1.739253761e+00,1.071091109e+00,5.791686627e+00,3.197774802e+00
7.466876514e+06,3.279240000e-02,1.724903664e+00,8.049720310e-01,2.058762460e+00,5.901167641e-01
7.472491766e+06,3.445760000e-02,1.733366765e+00,4.900903738e+00,4.387029937e+00,5.094308909e+00
7.461184846e+06,3.678870000e-02,1.778064647e+00,3.184794789e+00,1.504716416e+00,5.352401217e+00
7.247011310e+06,4.847900000e-03,1.724055434e+00,1.162619665e+00,3.517164819e+00,5.455223799e+00
7.218263362e+06,3.113200000e-03,1.719704328e+00,6.123627307e-01,5.015427008e+00,3.922487868e+00
7.222723592e+06,6.449530000e-03,1.721964529e+00,1.184675391e+00,4.624705384e+00,2.093025019e+00
7.317476656e+06,1.306121000e-02,1.722557941e+00,4.692719120e-01,3.372342634e+00,2.906868558e+00
7.206317348e+06,1.186320000e-02,1.721620699e+00,8.390181687e-01,9.166748484e-01,1.744990658e+00
7.123601633e+06,1.508660000e-02,1.723690660e+00,5.367498315e+00,2.799190470e+00,5.653067342e+00
7.230314759e+06,1.906270000e-02,1.723421879e+00,7.930863388e-01,2.472058173e+00,3.837144758e+00
7.253637094e+06,4.829700000e-03,1.724573797e+00,6.835651829e-01,3.628403379e+00,5.335164345e+00
7.235155956e+06,3.279316000e-02,1.715222322e+00,1.975724931e+00,1.934819649e+00,4.937297344e+00
7.091452296e+06,3.900480000e-03,1.721830139e+00,2.806651753e+00,4.264020877e+00,2.514075229e+00
7.138129657e+06,5.489400000e-03,1.729225099e+00,3.696745237e+00,1.081299539e+00,5.213617871e+00
7.206282534e+06,5.454400000e-03,1.735164454e+00,6.464333030e-01,1.301635140e+00,1.340480933e+00
7.226369621e+06,9.363710000e-03,1.729977336e+00,2.212641159e+00,5.361173242e+00,9.091804046e-01
7.297801795e+06,9.033300000e-03,1.733968904e+00,1.927159399e+00,5.968933539e+00,4.959073817e-01
7.354976411e+06,1.739190000e-02,1.732188668e+00,7.694982139e-01,4.576186976e+00,4.389642695e+00
7.247481767e+06,2.239800000e-03,1.723613865e+00,1.272303137e+00,1.062844428e+00,1.614476682e+00
7.191170295e+06,5.150550000e-03,1.724835596e+00,2.343905627e+00,1.314623881e+00,5.475530705e+00
7.269032266e+06,8.784500000e-03,1.728172665e+00,1.990975618e+00,1.727813128e+00,4.809649198e+00
7.234418779e+06,1.319330000e-02,1.722788325e+00,6.574218960e-01,3.731527903e+00,5.331532315e+00
7.277622888e+06,7.703100000e-03,1.726610596e+00,9.379085241e-01,2.392348986e+00,3.723398160e-01
6.882395539e+06,5.978500000e-03,1.724767528e+00,6.249945512e+00,5.030494435e+00,1.243492987e+00
7.258391561e+06,6.010670000e-03,1.726165537e+00,1.593921939e+00,5.109400771e+00,2.249877759e+00
7.150244081e+06,2.276190000e-02,1.716917037e+00,1.558458594e+00,4.632451155e+00,2.135279440e+00
7.149516649e+06,2.022280000e-02,1.716765193e+00,7.251563789e-01,5.336832880e-01,2.131479858e+00
7.168474700e+06,7.413800000e-03,1.726158555e+00,5.695909939e+00,6.213372137e-04,2.123302991e+00
7.172419271e+06,5.694460000e-03,1.735101623e+00,4.150677450e+00,4.619633457e+00,4.322032131e+00
7.138474029e+06,8.318900000e-03,1.726607105e+00,4.218291505e+00,6.319819768e-01,6.180846181e+00
7.122887771e+06,6.980820000e-03,1.725484858e+00,5.179098749e+00,2.096725117e+00,5.669213383e-01
6.993091791e+06,1.602550000e-02,1.731782006e+00,6.135577576e+00,1.807031877e+00,4.509524125e+00
7.163716666e+06,7.935300000e-03,1.730284514e+00,2.488872675e+00,3.977256299e-01,5.893613856e+00
7.183073070e+06,6.206710000e-03,1.719651968e+00,2.262365590e+00,6.037041523e-01,6.165482048e+00
7.195975874e+06,1.422090000e-02,1.717067135e+00,1.111900397e+00,2.563813622e+00,7.826754498e-02
7.186356114e+06,6.193700000e-03,1.732310841e+00,7.815671657e-01,4.762143081e+00,4.222813653e+00
7.183488244e+06,7.246000000e-03,1.716718070e+00,4.395201569e+00,4.518681868e+00,4.450949130e+00
7.198069865e+06,1.973590000e-02,1.720940021e+00,7.607157171e-01,3.893031946e+00,2.365011894e+00
6.966011259e+06,4.297800000e-03,1.726486677e+00,5.860014522e+00,5.814447466e+00,3.181152286e+00
7.222240794e+06,1.282630000e-02,1.724978713e+00,2.017783875e+00,1.208041859e+00,5.101079041e+00
7.212601339e+06,1.968050000e-02,1.722098920e+00,7.594765333e-01,3.012790845e+00,6.100711134e+00
7.211316628e+06,1.684970000e-02,1.719404131e+00,8.722265484e-01,3.992789730e-01,2.221933292e+00
7.427403081e+06,2.688530000e-02,1.726223133e+00,2.814125253e+00,2.895714159e+00,3.402884151e+00
7.194747650e+06,1.990780000e-02,1.732958358e+00,6.497982978e-01,4.559557479e+00,1.686249857e+00
7.115304464e+06,3.811320000e-03,1.728537439e+00,4.816880097e+00,2.538253275e+00,1.237630426e-01
7.238453072e+06,8.008900000e-03,1.723514382e+00,1.043928550e+00,4.788319529e+00,4.189814713e+00
7.203064648e+06,6.731800000e-03,1.721170404e+00,1.474476841e+00,3.666664487e+00,3.022262747e+00
7.170201122e+06,2.333500000e-03,1.734663545e+00,2.370738319e+00,2.437345319e+00,4.900819962e+00
7.247012381e+06,1.642850000e-02,1.724598231e+00,8.036228914e-01,9.218305510e-02,2.610352827e+00
7.254120318e+06,8.374600000e-03,1.724490021e+00,1.066872648e+00,3.749042282e+00,5.198356712e+00
7.194291048e+06,1.323750000e-02,1.709146831e+00,8.046875423e-01,1.354207948e+00,1.373427514e+00
7.175516628e+06,5.999450000e-03,1.725153246e+00,2.479025527e+00,4.384616147e-02,4.755795319e-01
7.132658856e+06,2.767700000e-03,1.783005675e+00,1.938605268e+00,5.734178028e+00,7.336212258e-01
7.180535785e+06,2.252080000e-02,1.691745899e+00,6.016450128e+00,3.906298193e+00,2.347438173e+00
7.222040201e+06,1.415724000e-02,1.730017478e+00,1.999810474e+00,4.551755857e+00,2.657532567e+00
7.191791083e+06,3.409820000e-02,1.722957622e+00,2.750183370e+00,2.332485938e+00,5.220354842e+00
7.138792972e+06,8.253510000e-03,1.714073896e+00,4.754666091e+00,3.892801562e+00,2.381159680e+00
7.109056734e+06,1.012683000e-02,1.692730264e+00,7.836807594e-01,4.513960752e+00,2.738463484e+00
7.265786471e+06,1.851940000e-02,1.711120799e+00,6.154261326e+00,4.289933780e+00,4.258538798e+00
7.196790247e+06,7.844300000e-03,1.729087218e+00,2.672491784e+00,5.400092339e+00,1.271648638e+00
7.289457823e+06,1.039610000e-02,1.738129769e+00,2.735594163e-01,3.738086851e+00,5.564340039e+00
7.247435480e+06,8.369900000e-03,1.716168291e+00,3.846538120e+00,9.514103912e-01,5.855319586e+00
7.225556605e+06,1.829900000e-03,1.722465439e+00,1.331258614e+00,5.973773337e+00,1.447216544e+00
7.287802279e+06,1.273400000e-02,1.720055139e+00,5.356061173e+00,3.982151948e+00,4.980693210e+00
7.202466811e+06,1.833400000e-03,1.723521363e+00,1.953632553e+00,4.978635467e+00,1.525637678e+00
7.258200808e+06,1.312940000e-02,1.716793119e+00,4.492001020e+00,1.463163617e+00,5.212218117e+00
7.199267655e+06,4.249300000e-03,1.724713423e+00,2.132696353e+00,1.831728286e+00,4.640936946e+00
7.092552859e+06,1.401150000e-03,1.728149976e+00,6.035359025e+00,3.078727639e+00,3.206723105e+00
7.233953841e+06,1.030590000e-02,1.729979081e+00,2.380184041e+00,1.858266017e+00,4.446777793e+00
7.261890584e+06,1.032000000e-02,1.723304942e+00,4.186083199e+00,1.528913661e+00,5.282432713e+00
7.300045944e+06,1.273070000e-02,1.728167429e+00,8.765968528e-01,1.610211097e+00,1.042432802e+00
7.220992776e+06,8.695800000e-03,1.732525517e+00,2.994630695e+00,5.264089302e+00,1.524754541e+00
7.318297160e+06,1.769100000e-02,1.710886925e+00,3.636983418e+00,4.920856342e+00,3.543297634e+00
7.311534599e+06,1.332120000e-02,1.737497960e+00,3.647392561e+00,1.252692617e-01,1.997621831e+00
7.318258150e+06,1.482420000e-02,1.727865487e+00,3.361127148e+00,2.441937280e+00,4.372061994e+00
7.325730651e+06,1.644930000e-02,1.728987734e+00,1.134153345e+00,1.452850467e+00,1.243845543e+00
7.281705382e+06,1.612810000e-02,1.729317601e+00,4.808298313e+00,4.355013617e+00,1.899872921e+00
7.345648330e+06,1.999450000e-02,1.753574187e+00,9.919788243e-01,3.174617774e+00,3.630810188e+00
7.319821210e+06,1.790850000e-02,1.718170184e+00,1.629839070e+00,3.664318765e-02,2.767224765e+00
7.362408034e+06,2.483581000e-02,1.740929277e+00,2.342563469e+00,2.759913581e+00,3.544168554e+00
7.338245936e+06,2.008280000e-02,1.726544273e+00,3.907984181e-01,1.172908381e+00,1.552983496e+00
7.115896766e+06,3.341600000e-03,1.722811014e+00,2.761327297e+00,5.841370915e+00,9.632524502e-01
7.476008545e+06,3.430200000e-02,1.726003221e+00,6.274324271e+00,5.327025875e+00,3.651254975e+00
7.450633103e+06,3.282602000e-02,1.754260102e+00,8.836235484e-01,1.441331294e+00,5.917449817e+00
7.436434994e+06,3.177970000e-02,1.736276229e+00,1.964776480e+00,2.908324163e+00,3.646685703e+00
7.491072538e+06,3.686129000e-02,1.722622518e+00,2.864938769e+00,8.814785387e-01,5.940715056e+00
7.107658075e+06,1.419032000e-02,1.727179573e+00,2.597746313e+00,5.194487317e+00,1.587720785e+00
7.090622532e+06,9.627800000e-03,1.699596390e+00,2.146816066e+00,4.981476863e+00,1.285265697e+00
7.069896722e+06,2.052493000e-02,1.716103714e+00,2.251160576e+00,4.351803957e-02,4.286790442e-01
7.270641631e+06,8.066900000e-03,1.725273674e+00,7.709293839e-01,1.282097925e+00,1.434908482e+00
7.282623704e+06,1.860640000e-02,1.717301010e+00,4.721222092e+00,1.138445110e+00,5.180341423e+00
7.227421183e+06,6.999800000e-03,1.732113619e+00,7.111169504e-01,6.276497205e+00,2.693957588e+00
7.231131215e+06,8.154050000e-03,1.727322690e+00,2.267957625e+00,1.517384016e+00,5.273971356e+00
6.982242232e+06,1.867000000e-03,1.723989111e+00,3.760716790e+00,3.350454460e+00,3.479498869e+00
7.328081686e+06,1.457857000e-02,1.734319715e+00,2.006875567e+00,3.662224369e-01,1.676249120e-01
7.402389140e+06,4.500060000e-02,1.721468856e+00,6.195363830e+00,5.367601290e+00,3.669607112e+00
7.417452144e+06,2.849301000e-02,1.784766712e+00,5.420421934e+00,5.627212034e+00,3.363523485e+00
7.170218797e+06,4.288060000e-03,1.724996166e+00,2.504554458e+00,2.600020477e+00,4.043667823e+00
7.284092550e+06,7.501510000e-03,1.728809711e+00,1.901798019e+00,3.192976892e+00,3.608885362e+00
7.227858886e+06,2.675720000e-03,1.724029254e+00,1.744327433e+00,9.025621161e-01,5.877225214e+00
7.008914199e+06,9.482410000e-03,1.723765709e+00,2.388798986e+00,6.132319047e-01,6.181509406e+00
7.104502832e+06,1.043470000e-02,1.723599903e+00,5.768100248e+00,4.791586786e+00,4.616727484e+00
7.183689965e+06,8.549100000e-03,1.721475837e+00,2.634419172e+00,3.664104089e+00,3.797457716e+00
7.144551453e+06,5.842500000e-03,1.726867159e+00,6.064547912e+00,4.775569899e-02,2.647247342e+00
7.099147848e+06,1.038500000e-02,1.718304574e+00,3.328533124e+00,5.880354589e+00,9.002041763e-01
7.139971118e+06,7.938840000e-03,1.717047937e+00,1.415641792e+00,1.605268325e+00,5.187033016e+00
7.195581770e+06,1.457460000e-02,1.729849927e+00,4.481235829e+00,4.384158871e+00,1.873405003e+00
7.192932016e+06,3.012420000e-03,1.734981195e+00,3.440558828e+00,1.932847427e+00,4.358033037e+00
7.090917625e+06,4.053600000e-03,1.721500272e+00,2.770303526e+00,3.412094253e+00,2.871016005e+00
7.313432588e+06,1.200580000e-02,1.727807892e+00,2.936956289e+00,5.992277318e+00,1.347149836e+00
7.105457528e+06,1.445140000e-02,1.714539899e+00,9.911794635e-01,3.023665992e+00,3.265083425e+00
7.344945078e+06,2.587970000e-02,1.720414677e+00,2.848724660e+00,5.450935525e+00,1.170285151e+00
7.190967116e+06,3.495200000e-03,1.720289013e+00,1.021457435e+00,1.035941923e+00,1.619693471e+00
7.227217421e+06,4.006800000e-03,1.722976820e+00,9.489285330e-01,5.865493111e-01,2.086940801e+00
7.242857834e+06,5.478840000e-03,1.731026279e+00,1.922562202e+00,5.135498679e+00,1.649276802e+00
7.281852575e+06,9.821500000e-03,1.735771829e+00,5.002946158e+00,7.162202932e-01,5.581795077e+00
7.230481168e+06,6.887840000e-03,1.729881343e+00,2.388736154e+00,7.590279837e-01,5.945945808e+00
7.164504970e+06,2.297500000e-03,1.722900026e+00,2.319586209e+00,3.238650413e+00,4.240312324e+00
7.186670421e+06,1.381600000e-02,1.718116078e+00,7.045754564e-01,4.311551428e+00,1.948164436e+00
7.170335072e+06,6.737270000e-03,1.727532130e+00,2.632202603e+00,8.137859437e-01,6.002225695e+00
7.116870992e+06,1.447330000e-02,1.726982351e+00,2.639005897e+00,3.203660052e+00,3.079830687e+00
7.257766650e+06,3.740100000e-03,1.724952533e+00,1.584507633e+00,3.339841113e+00,3.131450545e+00
7.306975890e+06,1.125431000e-02,1.736148820e+00,1.731033260e+00,2.604184833e+00,4.188394015e+00
7.219617585e+06,9.861400000e-03,1.721826648e+00,1.465439526e+00,4.147038438e+00,2.402665627e+00
7.064511149e+06,3.813020000e-03,1.728783531e+00,2.192568127e+00,3.109258684e+00,3.637707729e+00
7.231182005e+06,1.282750000e-02,1.724289308e+00,1.786115851e+00,3.203913125e+00,5.294136891e+00
7.056979132e+06,1.347340000e-02,1.722503836e+00,4.593755460e+00,2.187068595e+00,5.088018742e-01
7.213696269e+06,6.524800000e-03,1.721482818e+00,1.189105037e+00,3.930326141e+00,5.260390950e+00
7.241306422e+06,1.544500000e-02,1.723444569e+00,1.315404043e+00,5.929616507e-01,5.576152427e-01
7.129303021e+06,1.495100000e-03,1.724767528e+00,2.869387613e+00,1.813330770e+00,4.962609854e+00
8.337449609e+06,1.434078000e-01,1.736267503e+00,3.207471852e+00,4.575038550e+00,1.422610892e+00
7.238761346e+06,1.457070000e-02,1.730570748e+00,3.375454556e+00,4.153021427e+00,3.175975640e+00
7.210853039e+06,1.099880000e-03,1.722207130e+00,1.599285336e+00,3.436925052e+00,4.014869890e+00
7.226762077e+06,1.103300000e-03,1.722512563e+00,1.200973276e+00,4.780331158e+00,4.215076609e+00
7.219976366e+06,1.050200000e-03,1.730298476e+00,5.426726063e+00,1.769367672e+00,1.348045190e+00
7.344656147e+06,1.946218000e-02,1.726085252e+00,7.403599420e-01,9.891636082e-01,5.328268550e+00
7.498385526e+06,3.691400000e-02,1.722276943e+00,3.358694159e+00,4.838523925e+00,1.873144949e+00
7.065205518e+06,1.860843000e-02,1.715222322e+00,5.696450991e+00,2.178771300e+00,5.960055049e-01
7.063354267e+06,2.980540000e-03,1.729635251e+00,4.366956905e+00,5.059910214e+00,1.219763490e+00
7.069286567e+06,2.754500000e-03,1.727193536e+00,4.007096194e+00,3.248926912e+00,3.501200293e+00
7.266057181e+06,6.830500000e-03,1.723617356e+00,8.459366538e-01,3.715666351e-01,2.475327174e+00
7.171450982e+06,5.228900000e-03,1.728725935e+00,4.542095460e+00,2.083230231e+00,1.086083487e-01
7.238044177e+06,6.704040000e-03,1.723360793e+00,1.256464274e+00,6.690946580e-01,6.090387511e+00
7.365180833e+06,2.224940000e-02,1.723399190e+00,2.440980840e+00,3.682779112e+00,4.894548994e+00
7.238282021e+06,5.759100000e-03,1.723587686e+00,9.778224588e-01,4.422079639e+00,4.551885012e+00
7.097731565e+06,2.428390000e-02,1.723655753e+00,4.788647651e+00,8.347543293e-01,6.239956992e+00
7.265646007e+06,1.484480000e-02,1.726678664e+00,3.018904734e+00,2.782751214e+00,4.047966569e+00
7.244479099e+06,1.078802000e-02,1.727231933e+00,1.985448160e+00,1.511606976e+00,5.297465234e+00
7.069186696e+06,2.931700000e-03,1.721973256e+00,2.995117641e+00,2.659337237e+00,4.010253494e+00
7.218676497e+06,8.414530000e-03,1.728478098e+00,2.170280273e+00,3.816647611e+00,2.806920534e+00
7.189436866e+06,5.673640000e-03,1.725113103e+00,2.282183803e+00,6.543134646e-01,5.637797456e+00
7.233028356e+06,6.394000000e-04,1.722653934e+00,1.235796085e+00,5.724880659e+00,1.745137266e+00
7.220229213e+06,5.061200000e-03,1.725991004e+00,2.214845510e+00,4.424767446e+00,1.850752375e+00
7.262253360e+06,6.182300000e-03,1.725032818e+00,1.255694584e+00,8.352884001e-01,1.809126272e+00
7.092573982e+06,1.312400000e-04,1.733150344e+00,3.404390370e+00,5.328617615e+00,3.202865928e+00
7.115157900e+06,3.569300000e-03,1.721255926e+00,2.507416798e+00,5.767862883e+00,1.039802591e+00
7.178023856e+06,2.499480000e-03,1.725278910e+00,2.297415292e+00,4.059864478e+00,2.221409693e+00
7.224031201e+06,1.206470000e-02,1.727240660e+00,2.270514532e+00,5.812278022e+00,9.243822224e-01
7.191656075e+06,2.169020000e-02,1.730610890e+00,6.230495562e+00,3.927147897e+00,5.073087450e+00
7.277515340e+06,8.122200000e-03,1.724097322e+00,7.978091997e-01,2.215719920e+00,4.554977735e-01
7.235647913e+06,2.949100000e-03,1.723765709e+00,8.267327961e-01,5.904448859e-01,2.187969185e+00
7.226977593e+06,2.104940000e-02,1.719234834e+00,1.032416358e+00,2.669151224e+00,1.089783585e-02
7.264918741e+06,1.825210000e-02,1.725673354e+00,8.943067087e-01,3.490005751e+00,5.670024961e+00
7.172060534e+06,3.691450000e-03,1.722844175e+00,2.226947623e+00,4.401851273e+00,2.400867938e+00
7.228087845e+06,6.284900000e-03,1.722509072e+00,1.076147327e+00,5.001675559e+00,4.104349430e+00
7.381835058e+06,4.135588000e-02,1.721413005e+00,1.500403707e+00,3.136965786e+00,3.565950263e+00
7.158274223e+06,2.349640000e-03,1.734654818e+00,2.564241228e+00,2.135895541e+00,4.676578315e+00
7.180731539e+06,3.991500000e-03,1.726498895e+00,2.747026070e+00,2.194851018e+00,5.225068976e+00
7.001541255e+06,2.325100000e-03,1.791021972e+00,3.523259509e+00,3.954364561e+00,2.777208048e+00
7.079938013e+06,1.059394000e-02,1.696969669e+00,5.208172444e+00,2.573355337e+00,8.992110839e-02
7.105609466e+06,7.532300000e-03,1.732335276e+00,4.493844087e+00,4.516151141e+00,2.246245729e+00
7.152824497e+06,1.990350000e-02,1.716777411e+00,7.931247360e-01,1.611314145e+00,1.014147996e+00
7.186225987e+06,9.245040000e-03,1.719205164e+00,1.383566131e+00,4.024088719e+00,2.752679191e+00
7.189899356e+06,3.697240000e-02,1.724680262e+00,1.940823582e-01,4.640114896e+00,4.451448295e+00
7.201527695e+06,4.641300000e-03,1.727786948e+00,2.643704323e+00,4.806327837e+00,2.688705893e+00
7.243662640e+06,1.067724000e-02,1.729368216e+00,2.302066594e+00,2.891059366e+00,3.929135827e+00
7.177304108e+06,7.482120000e-03,1.728488570e+00,2.249135994e+00,1.658801064e+00,5.164682329e+00
7.082378231e+06,6.105700000e-03,1.721486309e+00,3.715135771e+00,1.216459582e+00,5.601536496e+00
7.224939405e+06,1.030530000e-02,1.720062120e+00,5.655154756e+00,4.754365894e+00,1.510280526e+00
7.180387842e+06,7.483220000e-03,1.728087144e+00,2.419595321e+00,1.352628425e+00,4.947205578e+00
7.217356694e+06,7.546000000e-03,1.728296584e+00,2.319125442e+00,3.507904102e+00,2.771914465e+00
7.412810700e+06,2.638190000e-02,1.720793413e+00,6.118478586e+00,4.734439470e+00,4.238270289e+00
7.174472787e+06,1.149775000e-02,1.720543831e+00,1.723100739e+00,2.548009666e+00,3.750220380e+00
7.294244208e+06,9.258500000e-03,1.731605728e+00,2.025824607e+00,6.219077618e+00,6.492799350e-02
7.242236559e+06,2.413060000e-02,1.721959293e+00,1.332736907e+00,2.633146827e+00,3.676014216e+00
7.349283403e+06,1.641892000e-02,1.730198993e+00,2.656167719e+00,9.437867930e-02,6.193827940e+00
7.112629924e+06,8.084600000e-04,1.725387120e+00,2.474698856e+00,6.191655005e+00,6.087219739e-01
7.182588302e+06,5.924300000e-03,1.725566889e+00,2.553842556e+00,2.242833610e+00,5.217363348e+00
7.266505928e+06,1.418230000e-02,1.717292283e+00,4.264579382e+00,2.672448151e+00,3.625759205e+00
7.206248506e+06,3.586300000e-03,1.720933040e+00,1.167520550e+00,2.565654944e+00,1.110814802e-01
7.078364089e+06,3.766100000e-03,1.721667823e+00,2.868865759e+00,3.089037299e+00,3.196645574e+00
7.247827038e+06,2.622900000e-03,1.724219495e+00,1.010545637e+00,1.265060020e+00,5.025162454e+00
7.276745218e+06,8.700580000e-03,1.730951230e+00,2.067403586e+00,1.683164115e+00,3.398103694e-01
7.214510519e+06,6.131900000e-03,1.721950567e+00,9.870849211e-01,5.136730881e-01,2.159216631e+00
7.249857927e+06,1.278196000e-02,1.717376059e+00,4.739945984e+00,8.211861397e-01,5.482606270e+00
7.240476239e+06,1.704100000e-03,1.723147863e+00,1.334030196e+00,9.041974896e-01,5.383703697e+00
7.322540668e+06,1.412830000e-02,1.721737636e+00,5.253551004e+00,3.357680123e+00,2.921443803e+00
7.207958214e+06,1.172590000e-02,1.718138768e+00,5.373582533e+00,5.257635075e+00,2.081113147e+00
7.228906108e+06,4.616000000e-04,1.722406098e+00,1.173164945e+00,5.700973139e+00,8.675769912e-01
7.317905485e+06,1.406030000e-02,1.732490610e+00,5.899045320e+00,3.501507471e+00,4.979509877e+00
7.333660793e+06,1.879570000e-02,1.726013693e+00,8.328833364e-01,6.098847122e+00,2.825494327e+00
7.279082354e+06,9.723030000e-03,1.726950935e+00,1.603413040e+00,2.924965877e+00,3.830812703e+00
7.353351147e+06,1.764850000e-02,1.740550541e+00,5.673367267e-01,4.788246226e+00,4.212184598e+00
7.297101654e+06,1.480435000e-02,1.728165684e+00,2.738950431e+00,2.535460748e+00,4.294754380e+00
7.267124193e+06,1.314640000e-02,1.726245822e+00,8.552427494e-01,5.052827668e+00,3.906565229e+00
7.205416774e+06,4.408400000e-03,1.720826575e+00,1.363983537e+00,2.729941042e+00,4.742108447e+00
7.108935195e+06,2.677284000e-02,1.718231270e+00,2.251712100e+00,5.826333158e+00,8.417199384e-01
7.138276418e+06,2.498500000e-03,1.727341889e+00,2.949356854e+00,3.806561353e+00,2.999161569e+00
7.255926189e+06,1.442708000e-02,1.727671756e+00,2.010994544e+00,5.122824098e+00,1.649131940e+00
7.151559507e+06,4.724690000e-03,1.731687759e+00,5.447088820e+00,3.686999318e+00,5.248791491e+00
7.341501916e+06,1.676034000e-02,1.748807693e+00,4.230941652e+00,5.253123399e+00,2.065541319e+00
7.092705464e+06,8.514300000e-04,1.724603467e+00,2.529341624e+00,4.118371405e+00,2.681644290e+00
7.127562033e+06,1.499130000e-03,1.726364504e+00,2.125296157e+00,6.669496484e-01,5.620159159e+00
7.153473487e+06,5.799300000e-03,1.724430680e+00,2.746172604e+00,2.970805205e+00,4.286666524e+00
7.296925349e+06,1.498944000e-02,1.717082843e+00,4.120491980e+00,3.352390030e+00,5.604849131e+00
7.149890630e+06,2.096100000e-03,1.725388865e+00,2.725479980e+00,2.807561069e+00,4.565676603e+00
7.231734254e+06,8.649900000e-03,1.720725346e+00,3.258424994e-01,2.863343538e+00,6.136197168e+00
7.331343342e+06,2.198160000e-02,1.712157524e+00,3.975242189e+00,1.889884402e+00,4.876205584e+00
7.245580016e+06,2.956600000e-03,1.723683679e+00,1.368442853e+00,1.960814583e+00,9.316550094e-01
7.206715236e+06,5.481400000e-03,1.720734072e+00,1.074895926e+00,1.725151501e+00,9.229632697e-01
7.226423546e+06,5.367600000e-03,1.722407843e+00,9.084578383e-01,1.450691494e+00,5.788021436e+00
7.253634493e+06,5.036100000e-03,1.724369593e+00,1.473906119e+00,2.184269087e+00,4.348379621e+00
7.199406904e+06,8.212900000e-03,1.720147642e+00,4.299465023e+00,6.078999238e+00,5.705917657e-01
7.290606331e+06,1.417140000e-02,1.773757175e+00,4.605599265e+00,2.826389681e+00,3.467719642e+00
7.179718181e+06,2.833860000e-03,1.723617356e+00,2.231007259e+00,5.166040196e+00,1.639330171e+00
7.184281498e+06,6.658780000e-03,1.720229672e+00,1.628287472e+00,3.112473580e+00,3.173179622e+00
7.228999973e+06,9.119200000e-03,1.728771313e+00,5.982772255e+00,2.390397708e+00,3.907361099e+00
7.212424171e+06,8.156020000e-03,1.728277385e+00,2.231434865e+00,3.511920105e+00,2.767399298e+00
7.209255767e+06,3.277424000e-02,1.712799805e+00,5.738260353e+00,1.933645042e+00,6.651100713e-01
7.205683108e+06,1.656620000e-02,1.721330975e+00,9.064576910e-01,4.565566648e+00,4.429446674e+00
7.157406098e+06,6.348000000e-03,1.726570453e+00,5.917174055e+00,1.444451942e-01,2.495660260e+00
7.358282067e+06,1.882940000e-02,1.731124017e+00,2.837032699e+00,2.040523770e+00,4.834272303e+00
7.230228976e+06,9.928300000e-03,1.723100739e+00,9.542744765e-01,6.117061378e+00,4.285341819e-01
7.204937790e+06,1.011513000e-02,1.728708482e+00,2.036209316e+00,1.950827809e+00,4.864382724e+00
7.167748448e+06,9.060000000e-04,1.720337882e+00,1.754902383e+00,2.166611591e+00,1.215272758e-01
7.062925862e+06,3.966800000e-03,1.732581367e+00,5.082543644e+00,5.442943663e+00,3.069782827e+00
7.274496741e+06,1.194151000e-02,1.725940389e+00,1.334166332e+00,1.175913838e+00,5.554918752e+00
7.243949749e+06,3.739200000e-03,1.723626083e+00,1.258279416e+00,1.300050381e+00,1.370621024e+00
7.100880448e+06,1.771080000e-02,1.726158555e+00,1.942568911e+00,6.267664094e+00,1.700823356e-02
7.226357227e+06,5.414400000e-03,1.724491766e+00,1.595524152e+00,4.053487045e+00,2.223170731e+00
7.184341555e+06,1.558418000e-02,1.718992234e+00,1.655739756e+00,2.549479233e+00,5.830488787e+00
7.140134643e+06,1.262670000e-02,1.729204155e+00,1.470455603e+00,1.330769921e+00,5.324273491e+00
7.428725201e+06,3.067863000e-02,1.722435768e+00,5.325544091e+00,5.777059023e+00,3.451093635e+00
7.219946530e+06,1.023000000e-04,1.721849338e+00,1.229891636e+00,1.726390684e+00,9.717277690e-01
7.203467373e+06,2.203080000e-02,1.720809121e+00,1.364718321e+00,3.696420605e+00,5.297793355e+00
7.118777067e+06,1.020300000e-03,1.724917626e+00,2.501486169e+00,2.170159845e-01,7.324553459e-01
7.168500626e+06,6.452700000e-03,1.724645355e+00,2.502870215e+00,5.437878717e+00,1.883644850e+00
7.215003818e+06,7.143200000e-03,1.723908826e+00,1.821622830e+00,9.837356343e-01,5.575815579e+00
7.245560844e+06,1.814470000e-02,1.724072887e+00,1.328677272e+00,2.640761698e+00,8.226783962e-02
7.275324708e+06,7.167350000e-03,1.730534096e+00,2.039668558e+00,1.074970976e+00,6.148698962e+00
7.286344268e+06,8.830600000e-03,1.735325025e+00,1.559011864e+00,4.616312096e+00,1.943537568e+00
7.282966652e+06,1.598730000e-02,1.726628049e+00,1.265063511e+00,3.253407172e+00,3.547538784e+00
7.316605610e+06,1.330270000e-02,1.714395036e+00,9.477591624e-01,5.115401213e+00,1.561877694e+00
7.275832357e+06,1.494190000e-02,1.717594225e+00,3.496252284e+00,4.395500020e+00,4.081017869e+00
7.346379499e+06,1.736030000e-02,1.740292232e+00,5.531784412e+00,1.887008099e+00,4.953176349e+00
7.234177373e+06,2.217090000e-02,1.730637070e+00,6.077915389e+00,2.299308974e+00,3.288409750e-01
7.176335992e+06,1.060886000e-02,1.726842725e+00,5.197518954e+00,4.853730979e+00,1.410527978e+00
7.195749416e+06,7.877680000e-03,1.728790512e+00,2.435901932e+00,3.056029632e+00,3.230586992e+00
7.508229193e+06,3.742870000e-02,1.742292379e+00,2.588195872e+00,5.608332808e+00,6.309801578e-01
7.171299275e+06,4.824980000e-03,1.724175861e+00,2.685182073e+00,5.235481610e+00,1.549054760e+00
7.415737352e+06,2.776438000e-02,1.721243708e+00,5.257799136e+00,2.979620863e+00,5.973528991e+00
7.258309871e+06,1.672400000e-02,1.718838645e+00,7.322947756e-01,2.786479237e+00,6.211832757e+00
7.243525023e+06,1.205800000e-02,1.720529869e+00,5.695536439e+00,4.586451258e+00,1.674828422e+00
7.158103025e+06,4.762800000e-03,1.781307469e+00,5.595801344e+00,4.129850436e-01,2.765695857e+00
7.152457514e+06,5.539500000e-03,1.729340291e+00,3.846623641e+00,5.842048103e+00,4.384773226e-01
7.380575364e+06,2.371299000e-02,1.739053048e+00,2.067998743e+00,1.527667496e+00,5.273278461e+00
7.262597386e+06,5.467800000e-03,1.724914136e+00,1.425872912e+00,6.085395870e+00,1.976690098e-01
7.221243616e+06,6.249200000e-03,1.722652189e+00,8.306301163e-01,4.762830741e+00,4.235791922e+00
6.990537718e+06,1.080010000e-02,1.725214332e+00,3.964721345e+00,4.259198532e+00,2.511193690e+00
7.209189427e+06,5.073400000e-03,1.732200885e+00,1.587691114e-01,3.114880389e+00,5.879605843e+00
7.133248212e+06,8.297650000e-03,1.724956024e+00,5.593148443e+00,2.134967026e+00,4.164374794e+00
7.304226545e+06,1.222180000e-02,1.728012095e+00,7.680199200e-01,5.914379783e-01,2.075615360e+00
7.341767758e+06,2.086960000e-02,1.728328000e+00,7.390649077e-01,4.856293123e+00,4.156655203e+00
7.192663840e+06,9.673270000e-03,1.717814136e+00,5.403303745e+00,4.986883893e+00,2.392453705e+00
6.970025027e+06,3.183100000e-03,1.726378467e+00,1.541322952e+00,3.964511905e+00,3.391549982e+00
7.298319940e+06,1.331760000e-02,1.723469003e+00,1.264665576e+00,6.065296658e+00,2.141763338e-01
7.241031439e+06,3.982400000e-03,1.723502164e+00,1.206010296e+00,2.249097597e+00,4.047052016e-01
7.349896688e+06,1.843310000e-02,1.730094273e+00,2.545637763e+00,1.153044789e+00,5.165635279e+00
7.171426775e+06,5.448570000e-03,1.725444716e+00,2.688198002e+00,1.410903223e+00,4.885092801e+00
7.143565744e+06,2.650050000e-03,1.725301599e+00,1.400364925e-01,2.064218360e+00,4.225712645e+00
7.106449016e+06,1.046230000e-02,1.725168954e+00,2.456725455e-01,2.770858541e+00,3.522072685e+00
7.117868983e+06,3.424830000e-03,1.720985400e+00,2.490539464e+00,4.110974700e+00,2.168637918e+00
7.076005534e+06,5.597140000e-03,1.727362833e+00,4.996706606e+00,2.987947829e+00,5.941776216e+00
7.149610542e+06,2.020280000e-03,1.724816397e+00,2.661824331e+00,2.778986539e+00,4.032084073e+00
7.063293059e+06,1.871872000e-02,1.711794496e+00,1.248304860e+00,5.967343544e+00,1.421504353e+00
7.044723698e+06,4.300100000e-03,1.733529081e+00,3.628696595e+00,5.140937125e-01,6.198646794e+00
7.185536049e+06,1.127722000e-02,1.724453369e+00,2.289796929e+00,3.069894528e-01,1.524824354e-01
7.215486981e+06,1.715260000e-02,1.712803296e+00,4.080108552e-01,6.014376677e+00,2.910884561e+00
7.250118767e+06,1.405650000e-02,1.724816397e+00,8.002020461e-01,8.091887464e-01,2.024552262e+00
7.236567350e+06,1.100383000e-02,1.724818143e+00,1.887643399e+00,9.519444619e-01,5.753226552e+00
7.154015119e+06,1.965600000e-03,1.724774509e+00,2.599809293e+00,3.056005198e+00,4.175859060e+00
7.193740850e+06,1.179680000e-02,1.721737636e+00,1.706966915e+00,3.034696473e+00,4.332470945e+00
7.211699561e+06,6.293730000e-03,1.722153025e+00,1.481500046e+00,4.877877609e+00,1.824839471e+00
7.199125836e+06,7.452680000e-03,1.726380212e+00,2.467293424e+00,3.327372480e+00,3.483478219e+00
7.283226885e+06,1.592871000e-02,1.718754869e+00,4.610070798e+00,5.728259617e+00,3.270780179e+00
7.223320834e+06,8.068020000e-03,1.728703246e+00,2.578788547e+00,9.025848054e-01,5.832635542e+00
7.085913821e+06,3.889700000e-03,1.721716693e+00,2.842139533e+00,3.756384883e+00,3.470225934e+00
7.140139473e+06,2.752100000e-03,1.726491913e+00,2.464719063e+00,2.636071998e+00,4.775562918e+00
7.217314665e+06,4.362150000e-03,1.724071142e+00,1.737829572e+00,1.532659137e+00,5.285300289e+00
7.198705313e+06,4.635250000e-03,1.729933703e+00,1.720749780e+00,1.670013059e+00,4.882546365e+00
7.547438954e+06,4.331908000e-02,1.735199361e+00,2.348883306e+00,1.863217516e+00,5.030677695e+00
7.157349478e+06,1.641517000e-02,1.714302534e+00,1.226931558e+00,5.062673071e+00,1.653509225e+00
7.138787576e+06,2.240374000e-02,1.716252067e+00,1.297875701e+00,7.496834909e-01,6.067960030e+00
7.217351134e+06,1.407350000e-02,1.718569864e+00,1.228093947e+00,9.953350925e-01,5.760823970e+00
6.744374869e+06,3.424100000e-03,1.716056590e+00,3.512628709e+00,4.496718645e+00,1.781970694e+00
7.090800507e+06,9.873420000e-03,1.785874996e+00,1.918069724e+00,4.003485107e+00,2.266718441e+00
7.294592207e+06,1.798850000e-02,1.720465291e+00,4.265923286e+00,2.705068354e-01,1.835245124e+00
7.343417124e+06,1.842650000e-02,1.732673870e+00,1.627975058e+00,5.334581405e-01,5.770213841e+00
7.660977193e+06,5.953050000e-02,1.784705625e+00,2.741704561e+00,2.060329766e+00,4.332116643e+00
6.958034769e+06,1.246450000e-02,1.724064160e+00,5.824802504e+00,3.876533348e+00,2.391971995e+00
7.249345781e+06,9.934000000e-03,1.731928614e+00,1.949075498e+00,5.486072494e+00,1.130390415e+00
7.182971643e+06,6.324600000e-03,1.729034858e+00,2.655630158e+00,4.650988297e+00,2.133952990e+00
7.183495518e+06,4.157900000e-03,1.729450246e+00,9.225391547e-01,6.207410092e+00,2.819958143e+00
7.216313704e+06,9.720400000e-04,1.731415487e+00,4.610105705e+00,1.141450567e+00,8.752826199e-03
7.200981999e+06,1.114355000e-02,1.728139504e+00,1.863090107e+00,1.907365620e-01,3.266174256e-01
7.194677210e+06,6.158150000e-03,1.726437808e+00,2.438333175e+00,6.391552800e-01,6.168471797e+00
7.241814363e+06,7.112200000e-03,1.723666225e+00,1.090001751e+00,2.464776659e+00,3.179675738e-01
7.225621734e+06,1.248724000e-02,1.727968462e+00,2.113750804e+00,5.940011688e+00,8.546336295e-01
7.243680318e+06,9.951900000e-03,1.718529721e+00,4.952015705e+00,3.967845484e+00,4.581285083e+00
7.226298800e+06,7.677420000e-03,1.732120600e+00,1.280549818e+00,5.657332927e+00,1.566809995e+00
7.154259116e+06,1.718134000e-02,1.717540120e+00,1.407667383e+00,4.164901883e+00,2.090841612e+00
7.398850457e+06,4.940852000e-02,1.719217381e+00,5.002190431e+00,4.237915987e+00,4.806401141e+00
7.127818552e+06,9.182000000e-04,1.725312071e+00,2.896923672e+00,1.828532588e+00,4.965966122e+00
6.890819048e+06,6.509600000e-03,1.723022199e+00,4.241427590e+00,3.783264698e+00,2.494258761e+00
7.074824712e+06,1.347240000e-02,1.727792184e+00,3.499798793e+00,4.075378710e-01,5.888281875e+00
7.176170584e+06,2.413270000e-02,1.718728689e+00,6.219725136e-01,4.446453162e+00,4.581594006e+00
7.295022180e+06,2.006820000e-02,1.733323132e+00,4.048802581e+00,9.391250186e-01,5.378157041e+00
7.418112684e+06,2.913190000e-02,1.720924313e+00,5.148860920e+00,2.113967225e+00,4.221696643e+00
7.450334537e+06,3.059289000e-02,1.737264086e+00,2.417328138e+00,1.469530578e+00,4.876350446e+00
7.520337692e+06,4.100722000e-02,1.746285692e+00,1.762733675e+00,9.569238863e-01,5.880284776e+00
7.225175217e+06,1.445879000e-02,1.714463104e+00,4.940402285e+00,3.042126340e-01,2.353127947e+00
7.371229409e+06,2.328581000e-02,1.718946855e+00,5.801081735e+00,5.141600350e-01,5.793536676e+00
7.146850441e+06,9.792580000e-03,1.717170110e+00,1.669545311e+00,4.903794003e+00,1.839952277e+00
7.054819275e+06,2.833300000e-03,1.785665556e+00,4.882494005e+00,8.600982554e-02,6.199725408e+00
7.085180851e+06,7.891560000e-03,1.724956024e+00,3.318942540e+00,5.101264046e+00,2.226589831e+00
7.084788625e+06,1.169680000e-02,1.725935153e+00,7.768966646e-01,9.605820964e-01,5.343746129e+00
7.159281353e+06,5.414120000e-03,1.725701279e+00,2.952269808e+00,3.619483001e+00,5.757663179e+00
7.191896682e+06,1.751500000e-03,1.722404352e+00,1.823750386e+00,4.000525029e+00,2.282065121e+00
7.247737448e+06,2.897000000e-03,1.724032744e+00,1.501634165e+00,2.220596370e+00,4.254833464e+00
7.258771626e+06,7.193330000e-03,1.724971732e+00,1.161376991e+00,3.318570785e+00,3.398089731e+00
7.559645732e+06,4.719496000e-02,1.727814873e+00,4.560386510e+00,3.416009027e+00,2.842787050e+00
6.980738052e+06,8.976190000e-03,1.726193462e+00,4.956412190e+00,5.104018175e+00,3.862087258e+00
7.143654326e+06,9.580900000e-03,1.726135866e+00,4.625965512e+00,6.767165109e-02,1.958261166e+00
7.177871973e+06,6.662800000e-03,1.739759906e+00,5.623028480e+00,2.311847419e+00,4.067961061e-01
7.273857409e+06,2.856120000e-02,1.718805483e+00,3.044730371e+00,9.417953723e-01,5.388988554e+00
7.261546451e+06,1.297660000e-02,1.728832400e+00,5.478436678e+00,1.653168886e+00,4.893733926e+00
7.081094132e+06,1.140400000e-03,1.725010129e+00,3.408008437e+00,6.651903565e-01,5.621487355e+00
7.020506792e+06,1.919900000e-03,1.730022714e+00,2.848989950e+00,4.767609453e+00,1.513846233e+00
7.199186184e+06,4.280750000e-03,1.723498674e+00,1.955107356e+00,1.166092871e+00,5.575099994e+00
7.266853442e+06,6.972500000e-03,1.724191569e+00,8.720328168e-01,6.418971923e-01,2.049456365e+00
7.233547190e+06,6.556600000e-03,1.726345306e+00,2.160906110e+00,5.286305598e-01,5.763167947e+00
7.528988945e+06,4.233247000e-02,1.736024902e+00,3.384966600e+00,1.746516076e+00,4.622453909e+00
7.213195547e+06,1.154790000e-02,1.722116373e+00,8.962038816e-01,6.959849458e-02,2.639995499e+00
7.232791045e+06,5.864200000e-03,1.723125173e+00,1.040287793e+00,4.673242991e+00,4.303259369e+00
7.191255322e+06,5.853000000e-03,1.723592921e+00,2.209511784e+00,1.033182557e+00,1.675690615e-02
7.251201897e+06,2.006439000e-02,1.724327705e+00,1.200049996e+00,4.813895584e+00,1.890860041e+00
7.235815556e+06,1.385480000e-02,1.718349952e+00,4.949703144e+00,2.676406557e+00,4.139449747e+00
7.230502344e+06,6.510690000e-03,1.731542896e+00,1.912996052e+00,5.926380667e+00,8.648909295e-01
7.240958254e+06,1.087420000e-02,1.724081614e+00,8.421300907e-01,6.023393048e+00,2.946806928e+00
7.079487889e+06,1.594100000e-03,1.726929991e+00,4.099689401e+00,5.620239444e+00,1.112465884e+00
7.013619829e+06,9.062000000e-04,1.723268290e+00,3.562587013e+00,3.873267837e+00,2.410816314e+00
7.222444219e+06,3.499700000e-03,1.722760399e+00,1.571829562e+00,1.366069206e-01,9.597635370e-01
7.234857389e+06,2.177400000e-03,1.723072813e+00,1.456470279e+00,5.702653891e-01,5.386103525e-01
7.240946770e+06,2.296600000e-03,1.723758728e+00,1.518539424e+00,1.547042396e+00,5.081339367e+00
7.222462295e+06,8.828800000e-03,1.731713938e+00,1.730673722e+00,1.257527179e+00,6.094209782e+00
7.348866967e+06,2.209660000e-02,1.733211431e+00,3.867427966e+00,2.736201538e+00,3.566749623e+00
7.134663366e+06,5.290430000e-03,1.730731318e+00,2.709880227e+00,4.474448243e-01,7.566700439e-02
7.233101621e+06,3.029600000e-03,1.723722076e+00,1.584371498e+00,1.406688253e+00,1.481739156e+00
7.253501436e+06,5.182760000e-03,1.724406245e+00,1.408063573e+00,4.589770874e+00,2.829220605e+00
7.212246106e+06,1.945710000e-02,1.730434612e+00,4.833541010e+00,1.963111436e+00,4.358301818e+00
7.154809333e+06,2.492280000e-02,1.717719889e+00,9.661043182e-01,1.264969263e+00,1.382518934e+00
6.933075731e+06,3.275700000e-03,1.726982351e+00,1.084861756e-01,5.250318654e+00,1.029374249e+00
7.203398928e+06,3.024670000e-02,1.720924313e+00,1.207526987e+00,2.336713125e+00,3.992880487e+00
7.241952217e+06,3.276729000e-02,1.717238178e+00,6.258881597e+00,7.185101651e-01,5.609001269e+00
6.918488472e+06,2.152100000e-04,1.728293093e+00,6.009261117e+00,6.252193496e+00,2.275520136e+00
7.326482125e+06,1.819017000e-02,1.717480778e+00,1.298881011e+00,1.392196784e-01,7.995405663e-01
7.190788058e+06,2.100810000e-02,1.717292283e+00,1.587739983e+00,2.684496158e+00,3.875299401e+00
7.076323908e+06,2.095650000e-02,1.712096438e+00,1.174493140e+00,4.746382758e+00,1.986470923e+00
7.173353228e+06,1.338500000e-03,1.722624264e+00,2.128076466e+00,5.754673430e+00,7.232400074e-01
7.230692422e+06,1.136425000e-02,1.720350100e+00,5.746550667e+00,3.797869614e+00,2.473424765e+00
6.776435465e+06,2.400600000e-03,1.729197174e+00,1.143682843e+00,1.697322226e+00,5.121946197e+00
6.837692216e+06,5.166300000e-03,1.715588842e+00,3.265123567e+00,4.725990331e+00,1.549028580e+00
7.501564276e+06,3.809090000e-02,1.721482818e+00,1.842165355e+00,1.350083735e+00,5.008906458e+00
7.132229597e+06,2.140000000e-02,1.715492848e+00,1.399675520e+00,3.466689897e+00,2.804751089e+00
7.257056906e+06,1.355455000e-02,1.722643462e+00,6.268643224e+00,1.786049529e+00,5.046788829e+00
7.161355213e+06,7.413300000e-03,1.762721458e+00,1.541190307e+00,3.181314602e+00,5.272550658e+00
7.527141751e+06,4.033240000e-02,1.724882720e+00,3.976348728e+00,5.030353064e+00,1.700823356e+00
7.050252407e+06,1.646500000e-03,1.725751894e+00,2.526475793e+00,1.204826963e+00,5.083528010e+00
7.124814014e+06,4.993250000e-03,1.726600124e+00,3.167545700e-01,1.433815906e+00,4.861330143e+00
7.034234583e+06,2.505500000e-03,1.733824042e+00,6.028976356e+00,4.231638038e-01,5.864168406e+00
7.063961306e+06,3.923000000e-04,1.732167724e+00,2.856332550e+00,5.117045313e+00,2.137019533e+00
7.194353239e+06,2.525600000e-03,1.730996608e+00,4.110311475e+00,3.934509695e+00,2.799358022e+00
7.050998317e+06,1.507800000e-03,1.724805925e+00,3.418932453e+00,4.954242745e+00,1.841023910e+00
7.256011038e+06,1.313400000e-02,1.717742578e+00,4.860075251e+00,9.776357085e-01,5.704182800e+00
7.235764072e+06,1.181680000e-02,1.733131146e+00,7.794622986e-01,4.450174204e+00,4.633817748e+00
7.156946173e+06,6.441000000e-03,1.728146486e+00,3.040885410e+00,1.292355225e+00,5.005258720e+00
7.220233587e+06,7.996000000e-03,1.728725935e+00,2.284569668e+00,4.450200384e+00,4.703068922e+00
7.007209244e+06,1.314680000e-02,1.726996314e+00,3.229033649e-02,4.510957041e+00,4.489013016e+00
7.238008681e+06,4.826320000e-03,1.721739382e+00,1.339541946e+00,3.222724284e+00,3.061735114e+00
7.076181639e+06,2.953200000e-03,1.727741569e+00,6.231987819e+00,5.616832561e+00,3.480409931e+00
7.105768289e+06,3.301780000e-03,1.721519470e+00,2.715290748e+00,4.588660844e+00,2.207928770e+00
7.169147370e+06,4.758200000e-03,1.724455114e+00,2.712259111e+00,5.558934754e+00,1.175472270e+00
7.222637826e+06,6.919370000e-03,1.731329966e+00,1.769425268e+00,6.077922370e+00,2.384950535e+00
7.244928131e+06,9.233000000e-04,1.723973403e+00,1.578728848e+00,1.145089578e+00,6.191667223e+00
7.212018348e+06,3.369660000e-03,1.732139799e+00,6.009463575e+00,4.520697723e+00,1.757918312e+00
7.114396926e+06,3.169030000e-03,1.728263423e+00,4.143432588e+00,4.056567551e+00,2.223669895e+00
7.137387799e+06,1.860220000e-03,1.724933334e+00,2.774094381e+00,2.400183769e+00,2.950164941e-01
7.315305663e+06,1.814374000e-02,1.717941545e+00,1.475288419e+00,5.142944254e-01,5.788511873e+00
6.979014091e+06,1.352100000e-02,1.712756172e+00,2.756407214e+00,1.682785378e+00,5.713658192e+00
7.199393970e+06,1.437784000e-02,1.736462979e+00,4.189497063e+00,3.515710960e+00,2.758948414e+00
7.193804958e+06,3.293750000e-03,1.728650886e+00,2.047972835e+00,1.203116540e+00,5.612849720e+00
7.547576459e+06,6.535764000e-02,1.733150344e+00,5.737331838e+00,5.618045565e+00,5.893208939e-01
7.227826691e+06,6.974400000e-03,1.731605728e+00,5.769482548e-01,6.274230023e+00,2.634740312e+00
7.262771238e+06,6.023500000e-03,1.724952533e+00,7.119721618e-01,5.283040087e+00,3.698830905e+00
7.227929504e+06,7.686320000e-03,1.730013988e+00,2.331742427e+00,7.843387485e-01,6.004231078e+00
7.261124244e+06,1.199530000e-02,1.721587538e+00,6.148999158e+00,5.823994417e+00,2.702350877e+00
7.217543473e+06,3.834360000e-03,1.722632990e+00,1.777795867e+00,3.846723125e+00,2.944218604e+00
7.286609627e+06,1.284400000e-02,1.732131072e+00,2.171233223e+00,3.395113945e+00,3.101675228e+00
7.259826857e+06,5.076480000e-03,1.726278983e+00,1.847778334e+00,5.321850974e+00,1.389505487e+00
6.891221905e+06,1.077500000e-03,1.726743241e+00,4.077319516e+00,3.900985411e-02,6.246400748e+00
7.176434448e+06,4.951540000e-03,1.723455040e+00,2.398356409e+00,5.577396847e+00,1.221772364e+00
7.362436045e+06,4.707410000e-02,1.715135056e+00,4.116702871e+00,3.681522475e+00,2.553893171e+00
7.140968774e+06,6.368000000e-03,1.714740612e+00,1.752307078e+00,6.124138688e+00,6.655900369e-01
7.185341957e+06,7.518100000e-03,1.729280950e+00,3.952978770e-01,3.754011235e-01,2.434756996e+00
7.342613980e+06,1.710970000e-02,1.734351131e+00,1.898078723e+00,4.376973350e+00,4.579098185e+00
7.425469226e+06,3.232890000e-02,1.738948328e+00,1.749214355e+00,6.017239017e+00,2.512453818e-01
7.269528767e+06,1.383821000e-02,1.735197616e+00,1.269718304e+00,4.769094728e-01,4.043927877e-03
7.388450545e+06,2.352577000e-02,1.737017994e+00,1.717744323e+00,1.521007319e+00,4.811120511e+00
7.023980620e+06,1.407240000e-02,1.728446682e+00,4.568600030e+00,4.434087505e+00,2.353618384e+00
7.158382347e+06,1.745000000e-03,1.722509072e+00,2.319041666e+00,1.941207554e+00,4.821791454e+00
7.230905972e+06,1.093460000e-02,1.722934932e+00,7.612358252e-01,4.480413779e+00,4.470889517e+00
7.262166236e+06,1.012967000e-02,1.730705138e+00,6.101060200e+00,4.160179022e+00,2.636508331e+00
7.307939885e+06,1.397663000e-02,1.723383482e+00,1.152699214e+00,6.261857384e-01,4.622364898e-01
7.225919335e+06,2.872900000e-03,1.722557941e+00,7.404646618e-01,5.658263187e+00,6.236061417e-01
6.982081551e+06,1.300667000e-02,1.728863816e+00,5.840587262e-01,1.216600954e+00,5.093003402e+00
7.119403754e+06,8.711550000e-03,1.717035719e+00,1.870570588e+00,4.643640461e+00,2.147025506e+00
7.224070075e+06,8.452740000e-03,1.726116668e+00,2.018221953e+00,5.946242514e+00,8.406779768e-01
7.108932188e+06,2.205000000e-04,1.733314405e+00,3.247314228e+00,1.642632333e+00,4.643069738e+00
7.190428774e+06,8.520100000e-03,1.719754942e+00,1.492752184e+00,5.105899640e+00,1.163635447e+00
7.224053667e+06,3.356200000e-03,1.722765635e+00,1.715964087e+00,4.486196055e+00,2.780360113e+00
7.258711873e+06,7.081840000e-03,1.723783162e+00,1.331344135e+00,1.741323721e+00,5.080506845e+00
7.204703579e+06,1.179310000e-02,1.730493953e+00,8.167285688e-01,1.484618950e+00,1.304125725e+00
7.264615419e+06,8.088000000e-03,1.725718733e+00,9.821788006e-01,4.485363533e+00,4.506763015e+00
7.335479700e+06,1.980025000e-02,1.783359976e+00,3.214360666e+00,1.956566451e+00,1.148927557e+00
7.180638569e+06,2.591070000e-03,1.728970281e+00,5.520994787e+00,4.966634583e+00,1.313594136e+00
7.179123214e+06,2.878600000e-03,1.734934071e+00,2.075316908e+00,3.806742868e+00,2.998596083e+00
7.229891391e+06,8.231000000e-04,1.722446240e+00,1.237949821e+00,3.312460387e-02,2.601828638e+00
7.209457252e+06,8.416700000e-03,1.730499189e+00,6.809244997e-01,1.115366621e+00,5.184933385e+00
7.289329959e+06,2.237660000e-02,1.793262975e+00,5.846149626e+00,4.796180492e+00,3.567252278e+00
7.260112771e+06,6.754500000e-03,1.724882720e+00,1.834189200e+00,1.454831415e+00,1.205430847e+00
7.219707040e+06,6.378430000e-03,1.727317454e+00,2.238479013e+00,5.645942908e+00,6.317131961e-01
6.993222188e+06,2.021630000e-03,1.725669863e+00,4.356744984e+00,3.913899102e+00,4.488738999e+00
7.199892387e+06,4.634830000e-03,1.728034784e+00,2.292634835e+00,9.655597754e-01,5.327278948e+00
7.187059139e+06,5.421540000e-03,1.725826943e+00,2.451117712e+00,5.336557118e+00,9.398981994e-01
7.064107480e+06,9.373000000e-04,1.725886284e+00,3.602619630e+00,5.410192559e+00,8.736489917e-01
7.171833799e+06,3.269100000e-03,1.728603762e+00,4.103560541e+00,2.112012456e+00,5.526899236e-01
7.020082606e+06,2.517200000e-03,1.722819741e+00,3.420970998e+00,2.099006262e+00,4.681262779e+00
7.128153786e+06,1.347900000e-03,1.725027582e+00,2.566963941e+00,1.087429136e+00,1.137752214e+00
7.145663748e+06,9.391700000e-03,1.733433088e+00,4.366813788e+00,8.476383499e-01,5.943045071e+00
7.215238352e+06,9.014130000e-03,1.727858506e+00,2.247619303e+00,3.211775833e+00,3.601497383e+00
7.238769789e+06,7.875800000e-03,1.732586603e+00,1.105861558e+00,4.296040687e-01,2.203092463e+00
7.191644391e+06,9.749400000e-03,1.719690365e+00,1.116389384e+00,4.005794178e+00,2.264566450e+00
7.183764046e+06,7.868710000e-03,1.721098846e+00,1.691733681e+00,3.439530829e+00,3.922704288e+00
7.126706149e+06,1.197600000e-03,1.725291127e+00,2.462502495e+00,8.053385501e-01,2.588951599e-01
7.258119010e+06,1.238380000e-02,1.724388792e+00,1.341978426e+00,1.328998412e-01,3.353650158e-01
7.188230568e+06,5.798720000e-03,1.723608629e+00,2.260817483e+00,6.848096026e-01,1.957290763e+00
7.406968011e+06,2.804701000e-02,1.723954205e+00,1.520717595e+00,4.062459783e+00,2.750508001e+00
7.208970501e+06,2.231400000e-03,1.720699166e+00,6.870732947e-01,4.976459042e+00,3.995013279e+00
7.220221464e+06,1.020370000e-02,1.722653934e+00,7.807346436e-01,1.895101191e+00,7.811063988e-01
7.092161306e+06,3.029360000e-03,1.722418315e+00,2.895750811e+00,4.734090404e+00,1.545122533e+00
7.226290241e+06,5.037700000e-04,1.722287415e+00,1.150697321e+00,4.822692044e+00,3.667236955e+00
7.234990662e+06,6.917170000e-03,1.725463914e+00,1.782536181e+00,4.448756997e-01,1.797652478e+00
6.947929609e+06,4.426000000e-04,1.723116447e+00,3.726525790e+00,6.269510652e+00,5.462060254e-01
7.177487029e+06,4.680700000e-03,1.728952828e+00,4.234430565e+00,1.886175577e+00,1.948311044e-01
7.272462961e+06,5.889800000e-03,1.725736186e+00,1.466560028e+00,5.730177734e-01,5.718548605e+00
7.172154541e+06,3.991840000e-03,1.726336579e+00,2.353721359e+00,4.281423555e+00,4.669391049e+00
7.218247783e+06,5.136070000e-03,1.725209096e+00,2.056200317e+00,4.295913278e+00,2.493314538e+00
7.227470787e+06,5.788430000e-03,1.724387046e+00,1.683555068e+00,2.610808357e+00,3.680319943e+00
7.119268899e+06,1.525746000e-02,1.715046044e+00,8.879484743e-01,9.065030695e-01,1.314205001e+00
7.207495215e+06,7.371500000e-03,1.727568782e+00,2.231380759e+00,1.938195116e+00,4.636072714e+00
7.212033466e+06,4.121500000e-03,1.728214553e+00,3.125535624e+00,2.734142049e+00,3.992815910e+00
7.083173519e+06,7.836000000e-04,1.732314332e+00,3.051109549e+00,5.030812085e+00,1.779586575e+00
7.253829781e+06,5.364700000e-03,1.724865267e+00,9.451237152e-01,2.408514225e+00,3.883921327e+00
7.149240975e+06,8.515000000e-03,1.727347125e+00,6.078039307e+00,1.740541814e+00,4.561517484e+00
7.278196401e+06,1.991810000e-02,1.725797272e+00,8.370197667e-01,1.634977319e+00,1.037018791e+00
7.056071427e+06,1.869130000e-03,1.725891520e+00,2.356794883e+00,1.090469499e+00,5.711628374e+00
6.835759977e+06,6.258800000e-03,1.724120011e+00,7.592688392e-01,4.935613101e+00,1.337536563e+00
7.220588182e+06,6.669600000e-03,1.724032744e+00,1.813791537e+00,7.890633548e-02,4.268324859e-01
7.238398550e+06,8.162600000e-03,1.722222838e+00,8.536667171e-01,4.405687507e+00,3.971845779e+00
7.106366284e+06,2.540490000e-03,1.721086629e+00,2.625130529e+00,4.073041714e+00,2.728097974e+00
7.217785693e+06,1.481800000e-03,1.721873772e+00,1.106805781e+00,1.354876409e+00,1.408245087e+00
7.121619724e+06,2.472000000e-03,1.726299927e+00,6.626090145e-01,1.361828055e+00,4.928267010e+00
7.159024797e+06,2.143320000e-03,1.724915881e+00,2.573250617e+00,3.226141639e+00,3.533221848e+00
7.231827885e+06,1.043972000e-02,1.732047296e+00,1.647269673e+00,2.323033234e-03,5.097949665e-01
7.087638716e+06,1.838380000e-02,1.725830434e+00,2.260133313e+00,5.767780852e+00,1.608486712e+00
7.261160458e+06,7.234940000e-03,1.724598231e+00,1.736635767e+00,1.452356538e+00,5.302641880e+00
7.375727923e+06,2.661410000e-02,1.728417012e+00,1.385623874e+00,5.325245639e+00,1.423122273e+00
7.170226238e+06,4.867600000e-03,1.724083359e+00,2.598050001e+00,5.574335539e+00,7.045824377e-01
7.253439263e+06,1.821220000e-02,1.721950567e+00,3.980490395e+00,3.682334053e+00,2.583965194e+00
7.406246005e+06,2.794999000e-02,1.723947223e+00,1.545939348e+00,3.921224249e+00,2.324125811e+00
7.062477346e+06,3.223000000e-03,1.729397887e+00,7.486118588e-01,2.565738720e-01,2.500730442e+00
7.013217337e+06,2.054000000e-04,1.733101475e+00,3.947681695e+00,4.379673374e+00,2.436247507e+00
7.208436803e+06,5.403660000e-03,1.726226623e+00,2.250012149e+00,3.638650207e+00,3.167893020e+00
7.269257023e+06,6.016900000e-03,1.724123502e+00,8.178961941e-01,7.450880390e-01,5.548251594e+00
7.196503989e+06,4.707280000e-03,1.722128590e+00,2.671907099e+00,5.934478995e+00,1.285604291e+00
7.103324948e+06,8.528300000e-03,1.729820256e+00,3.617315302e+00,6.122677848e+00,2.837739557e+00
7.232562954e+06,7.499040000e-03,1.723135645e+00,1.473536109e+00,1.441107891e+00,5.877012284e+00
7.262789015e+06,1.323670000e-02,1.723844249e+00,3.450278566e+00,4.205637868e+00,2.518501384e+00
6.997193424e+06,1.435110000e-02,1.725545945e+00,4.580981396e+00,2.185750871e+00,4.630150811e+00
7.138910047e+06,4.365200000e-03,1.728073182e+00,8.447027061e-01,5.730907281e+00,5.497699877e-01
7.011273199e+06,2.022550000e-02,1.716939726e+00,2.952248864e+00,5.359124225e+00,1.413950568e+00
7.241717084e+06,3.644700000e-03,1.724093831e+00,8.244883027e-01,2.357351643e+00,3.933041874e+00
7.229589016e+06,3.081200000e-03,1.723290980e+00,8.020695484e-01,6.038378445e+00,2.962584704e+00
7.165511370e+06,5.548500000e-03,1.733733284e+00,3.768305481e+00,3.277408940e+00,3.006343599e+00
7.180047869e+06,3.202700000e-03,1.742706022e+00,3.524879175e+00,1.587778380e-01,6.127461795e+00
7.230527984e+06,2.665510000e-03,1.723277017e+00,1.568918353e+00,7.492105067e-01,5.539640139e+00
7.221686126e+06,3.129300000e-03,1.722418315e+00,7.621224525e-01,5.028213290e+00,3.927350355e+00
7.106072488e+06,3.569550000e-03,1.728617724e+00,5.898441436e+00,5.364698807e+00,9.148963579e-01
7.065452884e+06,2.161697000e-02,1.710811875e+00,1.174344787e+00,2.545590639e+00,3.764345329e+00
7.095299180e+06,1.468133000e-02,1.724926353e+00,2.350014279e+00,4.545062520e+00,1.711209810e+00
7.352984211e+06,1.941270000e-02,1.717142185e+00,8.988306021e-01,1.282764640e+00,1.331663530e+00
7.129911613e+06,5.414500000e-03,1.733562242e+00,4.148530695e+00,2.222362643e+00,4.462998884e-01
7.211255199e+06,6.545700000e-03,1.723252582e+00,3.811003216e+00,2.135726244e+00,4.569277218e+00
7.153015941e+06,4.315300000e-03,1.728879524e+00,4.501319333e+00,2.132439789e+00,4.160135389e+00
7.205746223e+06,5.118100000e-03,1.728563619e+00,2.096372560e+00,2.811573581e+00,6.146880329e+00
7.213951760e+06,1.113140000e-02,1.717313227e+00,4.887600839e+00,6.110451816e+00,1.204282420e+00
7.236045617e+06,5.690100000e-03,1.723174042e+00,1.311787720e+00,5.250072563e-01,5.765890661e+00
7.107072407e+06,8.281800000e-03,1.713979648e+00,4.225206500e+00,2.573348356e-01,2.585268955e-01
7.089652385e+06,4.211300000e-03,1.727423919e+00,9.379573933e-01,1.323237080e+00,4.970189819e+00
7.210562217e+06,2.894800000e-03,1.724167135e+00,2.030350245e+00,4.535393396e+00,2.034748475e+00
7.101260919e+06,3.448800000e-03,1.726439553e+00,1.974555560e+00,3.030167343e+00,3.255878558e+00
7.183121315e+06,3.670890000e-03,1.726073034e+00,2.334107349e+00,5.916582388e+00,3.660269601e-01
7.120976656e+06,4.783790000e-03,1.727039947e+00,2.665372586e+00,5.328429120e+00,1.470223474e+00
7.881256066e+06,8.710840000e-02,1.730136161e+00,4.073481537e+00,1.696465269e+00,5.247466786e+00
7.173803748e+06,5.117650000e-03,1.708242751e+00,5.564259754e+00,2.392671872e+00,6.171979909e+00
7.233530404e+06,1.360944000e-02,1.714906418e+00,5.086070955e+00,9.827949018e-02,2.637283257e+00
7.136954015e+06,4.215030000e-03,1.731055949e+00,2.037038347e+00,3.039841704e+00,3.719624758e+00
7.206168706e+06,1.098090000e-02,1.721170404e+00,1.007299324e+00,1.377071761e+00,4.929677236e+00
7.204148300e+06,4.190080000e-03,1.718847371e+00,1.478941394e+00,3.388432824e+00,3.417958559e+00
7.274561512e+06,6.942800000e-03,1.724741348e+00,7.289140728e-01,1.315264416e+00,1.370165493e+00
7.230489849e+06,4.184700000e-03,1.723058851e+00,1.003049448e+00,1.593883542e+00,5.847381829e+00
7.033890422e+06,1.919918000e-02,1.734105040e+00,4.996237113e+00,1.005819285e+00,5.311618108e+00
7.182895612e+06,2.131240000e-03,1.724130483e+00,2.290491571e+00,4.352779596e+00,1.928473632e+00
6.980554692e+06,1.488800000e-02,1.709188719e+00,1.995672299e+00,2.846982821e+00,3.447107303e+00
7.221771622e+06,1.122540000e-02,1.716590661e+00,1.580009920e+00,1.665777145e-01,1.893699692e+00
7.022014077e+06,6.636200000e-03,1.726025910e+00,1.053227664e+00,1.857986765e+00,4.440056531e+00
7.101056760e+06,5.382560000e-03,1.728359416e+00,4.620507867e+00,2.717652178e-02,2.637285002e+00
7.192097593e+06,3.312600000e-03,1.731488791e+00,5.501471534e+00,3.291186569e+00,2.993072116e+00
7.118737181e+06,2.636790000e-02,1.716655238e+00,1.980741007e+00,1.218096701e+00,5.116291331e+00
6.955529612e+06,7.767100000e-03,1.736455998e+00,9.318469956e-01,4.913583555e+00,1.356515273e+00
7.251007181e+06,5.475130000e-03,1.723919298e+00,1.823999968e+00,6.047497790e+00,7.274602135e-01
7.206607565e+06,3.864510000e-03,1.739599336e+00,1.527459801e-01,6.102630996e+00,1.812070643e-01
7.291975006e+06,3.072819000e-02,1.714838350e+00,9.475462322e-01,5.700929506e+00,3.794448768e+00
7.164129295e+06,2.155924000e-02,1.722758654e+00,2.233543222e+00,4.735959652e+00,2.023887291e+00
6.821760825e+06,1.830310000e-03,1.728287857e+00,5.697407432e+00,5.211752114e+00,1.070384250e+00
7.155950416e+06,3.229800000e-03,1.730940758e+00,5.610385315e+00,1.324394234e+00,8.374630803e-01
7.280112817e+06,9.519700000e-03,1.734262119e+00,5.261546358e+00,4.697058008e+00,1.569117320e+00
7.209149496e+06,5.689500000e-03,1.725785055e+00,2.354717942e+00,4.026636900e+00,2.249778275e+00
7.219193553e+06,5.489900000e-03,1.744350122e+00,1.530290726e+00,5.205109391e+00,1.070455809e+00
6.970440997e+06,5.515350000e-03,1.727779966e+00,4.713420470e+00,3.982146712e+00,2.294929943e+00
7.254273652e+06,4.707470000e-03,1.723327631e+00,1.455115904e+00,5.935857805e+00,3.461598772e-01
7.604936062e+06,5.076518000e-02,1.745053490e+00,5.183153149e+00,3.361343569e+00,2.900939675e+00
7.184374915e+06,4.897400000e-03,1.726732769e+00,2.381995693e+00,5.537969859e+00,7.406374494e-01
7.240449562e+06,6.344180000e-03,1.727725861e+00,2.083108058e+00,1.008521055e+00,5.788698624e+00
7.282123123e+06,1.552490000e-02,1.717651821e+00,2.887275492e+00,4.910389603e+00,1.740932768e+00
7.211664486e+06,1.114720000e-02,1.726418610e+00,3.505671826e+00,4.336671952e+00,1.927772009e+00
7.158037690e+06,2.038300000e-03,1.725008384e+00,2.587384294e+00,3.152500961e+00,4.387764721e+00
7.211346314e+06,1.367800000e-03,1.721552632e+00,1.280349105e+00,3.436562024e+00,5.501358087e+00
7.121384528e+06,2.910000000e-03,1.725830434e+00,3.390701752e+00,3.885399621e-01,1.380258732e-01
6.975142066e+06,1.632595000e-02,1.724572051e+00,1.349087152e-01,2.603762463e+00,3.698488821e+00
7.239363803e+06,1.017440000e-02,1.730930286e+00,2.116292003e+00,2.849014384e+00,3.442152313e+00
7.553623041e+06,4.549573000e-02,1.725713497e+00,2.406266241e+00,3.750056319e+00,3.003151392e+00
7.144570348e+06,1.070905000e-02,1.714065169e+00,1.451131317e+00,4.394983403e+00,2.434535339e+00
7.266116926e+06,9.459700000e-03,1.730689430e+00,2.047677874e+00,3.480647295e+00,3.103699810e+00
7.177436493e+06,5.757140000e-03,1.726319126e+00,6.090771484e+00,1.597807042e+00,4.698949945e+00
7.141219985e+06,7.361400000e-03,1.728820183e+00,7.981251043e-01,1.858915280e+00,8.167128608e-01
7.461385217e+06,3.393060000e-02,1.723748256e+00,5.005684580e+00,4.519414906e+00,1.698856370e+00
7.191484202e+06,4.775400000e-03,1.720439112e+00,1.533938464e+00,1.424630238e+00,7.437703154e-01
7.287183788e+06,7.474990000e-03,1.729202410e+00,1.927616675e+00,3.735507254e+00,3.032523538e+00
7.203662809e+06,4.712200000e-03,1.720709638e+00,1.236934040e+00,2.292915833e+00,3.575097533e-01
7.242904360e+06,4.093240000e-03,1.721374608e+00,8.769930425e-01,3.032397874e+00,5.452253249e+00
7.163601142e+06,3.297520000e-03,1.719957401e+00,4.794817390e+00,1.748938593e+00,4.542807554e+00
7.220644742e+06,1.357370000e-02,1.722365955e+00,9.646277696e-01,4.533714389e+00,2.249225006e+00
7.256178079e+06,4.993300000e-03,1.724266619e+00,1.238333794e+00,3.879116436e+00,2.399382663e+00
7.095434048e+06,1.471250000e-02,1.725055507e+00,2.008252632e+00,4.397999332e+00,4.613880852e+00
7.168434234e+06,3.046680000e-03,1.734689725e+00,1.248058768e+00,3.372813873e+00,5.133889485e+00
7.108462969e+06,8.776500000e-03,1.728612488e+00,3.134276233e+00,5.879579663e+00,7.663129880e-01
7.142643319e+06,9.727580000e-03,1.724456859e+00,5.412189216e+00,6.178587725e-01,5.678577074e+00
7.223432896e+06,1.180103000e-02,1.722704549e+00,8.944288818e-01,1.809679542e+00,1.283942738e+00
7.219549945e+06,1.256720000e-02,1.722784834e+00,2.752244604e+00,5.939947111e+00,8.052181224e-01
7.222107739e+06,5.129810000e-03,1.723545798e+00,1.600095169e+00,2.375106878e+00,4.366627038e+00
7.045440253e+06,1.918030000e-02,1.727917847e+00,3.113622007e+00,5.400773017e+00,8.551188310e-01
7.269115984e+06,1.396850000e-02,1.722130336e+00,4.021919275e-01,5.992587987e-01,2.067421039e+00
7.078497459e+06,9.588000000e-03,1.723907081e+00,1.638410382e-01,3.246207689e-01,5.966701263e+00
7.031642320e+06,1.612940000e-02,1.731319494e+00,1.968525447e+00,5.712497548e+00,1.667700498e+00
7.006692184e+06,1.881814000e-02,1.707378813e+00,5.511920820e+00,1.108964753e-01,2.575217603e+00
7.100049848e+06,1.820740000e-02,1.714363620e+00,8.305742658e-01,1.573730225e+00,5.233299949e+00
7.100493849e+06,1.274430000e-02,1.714881983e+00,1.646667535e+00,2.524700793e+00,3.775463077e+00
6.837787991e+06,9.875000000e-03,1.720001034e+00,3.076980565e-01,1.536374943e+00,4.768707265e+00
7.222626861e+06,8.956870000e-03,1.728650886e+00,2.333449359e+00,4.410951420e+00,1.857147261e+00
7.148623754e+06,1.987710000e-03,1.725088669e+00,2.679797732e+00,2.831817655e+00,3.956486881e+00
7.231281926e+06,1.723500000e-03,1.722650444e+00,1.147082744e+00,5.835218629e+00,4.485164565e-01
7.150463718e+06,5.152810000e-03,1.726858433e+00,5.704484742e+00,1.348661292e+00,1.317189515e+00
7.105659944e+06,8.679600000e-04,1.724767528e+00,2.538207897e+00,5.764647986e+00,3.219828783e+00
7.074321510e+06,1.127300000e-02,1.729553221e+00,4.189706503e+00,2.041035151e+00,4.264429284e+00
7.238050242e+06,1.636857000e-02,1.702762417e+00,1.330155566e+00,3.738727387e+00,3.035438238e+00
7.126405999e+06,1.455705000e-02,1.732544715e+00,5.169009001e+00,5.343538435e+00,9.183416379e-01
7.274445734e+06,1.005988000e-02,1.725846142e+00,1.133638473e+00,2.756604437e+00,4.685095522e+00
7.185748932e+06,3.739330000e-03,1.725001402e+00,2.382362212e+00,1.162860521e-01,6.169812210e+00
7.329246148e+06,1.824450000e-02,1.721152951e+00,3.263814570e+00,2.247467459e+00,4.573832527e+00
7.069525317e+06,6.403770000e-03,1.712065022e+00,8.516630791e-01,2.970178632e+00,3.317315893e+00
7.270506952e+06,5.572900000e-03,1.726113177e+00,9.304193163e-01,6.154571995e-01,2.252750571e+00
7.178223391e+06,1.105700000e-02,1.775568827e+00,4.027050543e+00,2.905884193e+00,3.384577392e+00
7.176764778e+06,8.305340000e-03,1.726268511e+00,5.563196848e+00,7.294010197e-01,1.932173730e+00
7.277067628e+06,8.819100000e-03,1.725743167e+00,5.694834816e-01,6.176165208e+00,2.850979625e+00
7.167818154e+06,1.139942000e-02,1.718009613e+00,1.234638932e+00,1.164923500e+00,5.644445415e+00
7.241174317e+06,1.132820000e-02,1.722432278e+00,6.896319473e-01,2.675396012e+00,4.814518667e+00
7.212180274e+06,5.686460000e-03,1.728193609e+00,2.548447743e+00,4.880834197e+00,1.393193367e+00
8.135205453e+06,1.112792000e-01,1.722877336e+00,4.031689628e+00,2.586349313e+00,6.976604619e-02
7.018114108e+06,2.646595000e-02,1.716487686e+00,3.003170591e+00,1.984980412e-01,6.096958676e+00
7.304909341e+06,1.100001000e-02,1.736826008e+00,5.060969629e+00,5.705879260e+00,5.673751239e-01
7.248706968e+06,8.296500000e-03,1.724774509e+00,7.134068224e-01,4.245129433e-01,5.867486277e+00
7.200137335e+06,7.338500000e-03,1.728628196e+00,5.833637361e+00,4.860804799e+00,1.409925839e+00
7.200792685e+06,1.724243000e-02,1.720646806e+00,8.093179008e-01,2.880737489e+00,3.413558584e+00
7.329850327e+06,1.346081000e-02,1.724140955e+00,6.106083257e+00,6.069157326e+00,1.287963976e+00
7.309854615e+06,1.658159000e-02,1.722821486e+00,5.879101443e+00,2.151793746e+00,4.161353629e+00
7.154835331e+06,8.793610000e-03,1.725343487e+00,5.530417819e+00,3.903018720e+00,5.089640153e+00
7.189944437e+06,2.733770000e-03,1.723634809e+00,2.108726001e+00,4.003071464e+00,2.759187524e+00
7.199613639e+06,2.835700000e-03,1.729160522e+00,5.904345885e+00,5.991699614e+00,2.978762161e+00
7.262982907e+06,1.374240000e-02,1.734857276e+00,1.222978387e+00,6.253607212e+00,5.355874422e-01
7.177927780e+06,1.515320000e-02,1.718245233e+00,6.158760785e-01,4.484379167e+00,4.538145780e+00
7.106207333e+06,1.387380000e-02,1.726380212e+00,2.964598814e+00,8.221006922e-01,5.971741774e+00
7.116299351e+06,8.353620000e-03,1.727968462e+00,2.578271930e+00,2.397401714e-01,6.049442087e+00
7.210956239e+06,6.236900000e-03,1.722046560e+00,8.293193740e-01,6.056948748e+00,2.888355851e+00
7.208337778e+06,8.889700000e-03,1.731314258e+00,1.567145098e+00,2.081324332e+00,4.219485310e+00
7.242419752e+06,4.207810000e-03,1.723704623e+00,1.302059255e+00,2.762172037e+00,2.597311726e-01
7.046002995e+06,4.783500000e-03,1.727254622e+00,3.239179248e+00,4.139770887e+00,2.657755969e+00
7.223938257e+06,2.548100000e-03,1.722716766e+00,8.744710418e-01,6.101276621e+00,2.858458361e+00
7.256977568e+06,5.070800000e-03,1.724448133e+00,8.774206482e-01,5.903333594e+00,3.781290731e-01
7.355667240e+06,3.065610000e-02,1.724311997e+00,3.078399517e+00,4.549493911e+00,1.674999464e+00
7.229916756e+06,8.678500000e-04,1.722449731e+00,1.214824209e+00,4.867608092e+00,4.530380810e+00
7.235880427e+06,2.576400000e-03,1.723540562e+00,1.547016216e+00,1.199327430e+00,6.151580500e+00
7.222409312e+06,2.642000000e-03,1.722252509e+00,6.958610274e-01,2.284121119e+00,4.009527437e-01
7.006405445e+06,1.371219000e-02,1.732248009e+00,1.493748767e+00,1.591239368e+00,4.721478655e+00
7.013041900e+06,8.960970000e-03,1.737913348e+00,3.597367934e-01,4.305762171e+00,1.963032896e+00
7.357186644e+06,1.723680000e-02,1.727907375e+00,4.147850017e+00,2.186073757e+00,8.982162462e-01
7.195772574e+06,2.413651000e-02,1.720601427e+00,6.985488345e-01,2.626552973e+00,4.862260403e+00
7.174771974e+06,3.502100000e-03,1.718491324e+00,1.296261271e+00,3.144633017e+00,3.140604797e+00
7.239977444e+06,1.635030000e-02,1.721585793e+00,6.707614475e-01,4.760127226e+00,1.492457223e+00
7.078658643e+06,1.029030000e-02,1.729729499e+00,3.950524837e+00,3.794735002e+00,2.477976584e+00
7.092760395e+06,5.628500000e-03,1.728464135e+00,2.352731757e+00,1.513971897e+00,4.782532018e+00
7.183674482e+06,2.078930000e-02,1.733684415e+00,1.204847907e+00,4.387481977e+00,1.858180496e+00
7.185765502e+06,4.453800000e-03,1.731701721e+00,4.760882954e+00,1.338664046e+00,4.955235838e+00
7.220921267e+06,8.819420000e-03,1.727169101e+00,5.811199408e+00,1.069232333e+00,5.231406267e+00
7.195851159e+06,1.149614000e-02,1.725357449e+00,2.075765458e+00,5.300161767e+00,1.505121332e+00
7.250149717e+06,4.873200000e-03,1.723826796e+00,1.224039547e+00,6.708277700e-01,1.469101227e+00
7.225895456e+06,7.043800000e-03,1.722139062e+00,6.438467251e-01,1.310925528e+00,4.987897929e+00
7.056771148e+06,3.005800000e-03,1.721678295e+00,3.145577240e+00,1.518492300e+00,5.299224525e+00
7.168646631e+06,8.709260000e-03,1.727574018e+00,4.576710575e+00,2.908825073e+00,6.063188300e+00
7.068175361e+06,1.725453000e-02,1.712127854e+00,1.359585307e+00,1.127978370e+00,5.663361294e+00
7.172074731e+06,2.997800000e-03,1.734902655e+00,2.153839271e+00,3.724757771e+00,5.227154645e+00
7.312137679e+06,2.047150000e-02,1.727092307e+00,3.465054524e+00,2.596212169e-01,2.563365072e-01
6.811458950e+06,4.725550000e-03,1.727542602e+00,3.128368294e+00,4.256653842e+00,2.020208137e+00
7.434901419e+06,2.900350000e-02,1.731953049e+00,5.284926788e-01,2.582411851e+00,3.734177313e+00
7.462667696e+06,3.253880000e-02,1.740463274e+00,2.987405031e+00,5.624056479e+00,6.219393523e-01
7.339511508e+06,2.089222000e-02,1.720819593e+00,4.390489180e+00,4.824055146e-01,5.821861625e+00
7.263500870e+06,1.039162000e-02,1.725355704e+00,4.972964892e+00,3.603045491e+00,2.672884483e+00
7.614142430e+06,4.990258000e-02,1.720332646e+00,3.266430819e+00,3.291603703e-01,5.986995952e+00
7.107636178e+06,1.186040000e-03,1.725413300e+00,3.199026203e+00,1.286187231e+00,9.065589201e-01
7.091509722e+06,1.037800000e-03,1.725573870e+00,3.165056860e+00,6.956864945e-01,5.590909186e+00
7.176434207e+06,6.439780000e-03,1.726724042e+00,5.468900199e+00,1.239209949e+00,1.414802289e+00
7.176478534e+06,2.112460000e-02,1.728698010e+00,6.154516144e+00,5.549928855e+00,7.073243500e-01
7.123585258e+06,1.335240000e-02,1.725451697e+00,5.316124549e+00,3.553513046e+00,2.720994484e+00
7.227995044e+06,1.419100000e-03,1.722404352e+00,1.151536825e+00,5.571344045e+00,3.397285134e+00
7.180844342e+06,5.628400000e-03,1.730246117e+00,1.186850071e+00,3.049095439e+00,3.237207026e+00
7.150172398e+06,1.293890000e-02,1.717798428e+00,7.707147084e-01,3.074053648e+00,3.447236458e+00
7.242013528e+06,9.199980000e-03,1.728474607e+00,2.115634014e+00,3.130570899e+00,3.154886827e+00
7.194475060e+06,1.012660000e-02,1.718906712e+00,6.980583970e-01,2.002175395e+00,4.301534984e+00
7.156490288e+06,4.981730000e-03,1.723922789e+00,2.297010375e+00,3.497650293e+00,2.784130024e+00
6.796699445e+06,9.241100000e-03,1.707062908e+00,3.915471644e-01,2.017450517e+00,4.284647178e+00
7.273257648e+06,5.959200000e-03,1.729129106e+00,2.003016644e+00,9.828874042e-01,5.312211520e+00
7.239750679e+06,6.943700000e-03,1.723406171e+00,1.375089067e+00,2.508163799e+00,3.785334659e+00
7.162265004e+06,5.525920000e-03,1.727437882e+00,5.043888092e+00,7.578621038e-01,5.534948694e+00
7.031594939e+06,6.730000000e-03,1.725654155e+00,2.196125109e+00,1.647119575e-01,9.556096534e-01
7.045170280e+06,1.071657000e-02,1.726064308e+00,3.425226110e+00,3.490873179e+00,2.787051705e+00
7.179021547e+06,5.935600000e-03,1.730450320e+00,1.549243256e+00,2.948356780e+00,3.339193596e+00
7.148408819e+06,1.525440000e-02,1.710820602e+00,7.687861196e-01,1.683951258e+00,9.938271280e-01
7.164581057e+06,1.500830000e-02,1.717878714e+00,1.068680809e+00,9.636521306e-01,5.346069163e+00
7.056813455e+06,6.720360000e-03,1.717410965e+00,1.049813800e+00,5.291635834e+00,9.824196560e-01
7.403528008e+06,3.016535000e-02,1.723650517e+00,5.664907656e+00,2.190480714e+00,4.613114653e-01
7.193884555e+06,1.258260000e-02,1.736853933e+00,1.149519224e+00,1.996185425e+00,4.312076772e+00
7.299286081e+06,2.155422000e-02,1.728139504e+00,1.145075616e+00,3.407474367e+00,2.866289653e+00
7.376159927e+06,4.968895000e-02,1.731755826e+00,3.215357249e+00,4.194795883e+00,4.320250149e+00
7.230053806e+06,4.718910000e-03,1.723828541e+00,1.571456061e+00,3.948451385e+00,2.850105215e+00
7.221560083e+06,2.184560000e-03,1.722446240e+00,7.575811058e-01,5.270698864e+00,3.737741276e+00
7.099315007e+06,4.480900000e-03,1.728640414e+00,8.477099084e-01,4.365722958e+00,4.597907599e+00
7.261341383e+06,4.000100000e-03,1.725013620e+00,5.711171098e-01,5.686979089e+00,5.937522849e-01
7.227095860e+06,2.451000000e-03,1.731015807e+00,5.788361775e+00,4.037641201e+00,4.410054321e+00
7.064631851e+06,2.144460000e-02,1.732022862e+00,5.034894410e+00,1.937507456e-01,6.099594123e+00
7.188694160e+06,5.833090000e-03,1.723341594e+00,2.209387865e+00,7.468141696e-01,6.041150028e+00
7.258853880e+06,6.848630000e-03,1.724692479e+00,1.209754027e+00,1.030430173e+00,5.266496111e+00
7.133316478e+06,9.248580000e-03,1.724034490e+00,5.620818893e+00,5.937074299e+00,3.419257084e-01
7.199236604e+06,2.563983000e-02,1.720280287e+00,7.103612229e-01,4.424781409e+00,1.811042644e+00
7.146228047e+06,5.892340000e-03,1.727179573e+00,5.431590296e+00,1.135029500e+00,5.160881002e+00
7.244276098e+06,1.711734000e-02,1.723859957e+00,1.577734011e+00,5.896210905e+00,3.762039749e-01
7.184424082e+06,5.835380000e-03,1.719585646e+00,1.121248381e+00,3.662625795e-01,5.923129118e+00
7.357866958e+06,2.047194000e-02,1.721044741e+00,2.723711961e+00,2.736843819e+00,3.564761693e+00
7.237364674e+06,6.548100000e-03,1.723044888e+00,6.256726116e-01,1.148597690e+00,6.202081602e+00
7.151071241e+06,1.414291000e-02,1.727844544e+00,4.941566419e+00,2.419333521e+00,2.251143123e-01
6.990686916e+06,6.483500000e-03,1.685364975e+00,1.603624225e+00,5.122876458e+00,1.368474269e+00
7.189939408e+06,1.616150000e-02,1.731771534e+00,2.727375408e+00,6.113649260e+00,1.661553448e-01
7.133739181e+06,7.682000000e-03,1.725139283e+00,5.757282697e+00,2.518323360e+00,3.775962241e+00
7.057718082e+06,1.246270000e-03,1.732090930e+00,3.623256403e+00,1.135261629e+00,3.214896482e-03
7.119956221e+06,2.461620000e-03,1.725751894e+00,2.746404732e+00,2.361959313e+00,3.926772651e+00
7.230315886e+06,1.616720000e-03,1.723027435e+00,9.700627249e-01,5.638408322e+00,3.335195046e+00
7.202160253e+06,4.974560000e-03,1.722050050e+00,1.561090551e+00,4.369147294e+00,1.906716357e+00
7.225460054e+06,7.233000000e-03,1.731562095e+00,1.590368449e+00,5.816835076e+00,4.619031319e-01
7.155649047e+06,6.942160000e-03,1.729062783e+00,4.513301018e+00,2.367682247e+00,3.927324175e+00
7.211010542e+06,9.816340000e-03,1.721618954e+00,1.112853347e+00,5.526464649e+00,7.453463477e-01
7.013589378e+06,1.478140000e-03,1.724999657e+00,3.064037203e+00,3.207936109e+00,3.077165570e+00
7.222981297e+06,7.766800000e-03,1.732775099e+00,1.231221577e+00,5.907400211e+00,3.721391031e-01
6.946574481e+06,1.632849000e-02,1.721020306e+00,2.366087016e+00,3.403229726e+00,2.873586875e+00
7.349154095e+06,2.285144000e-02,1.728148231e+00,5.267457788e+00,3.678064978e+00,2.583479992e+00
7.172819305e+06,1.565560000e-02,1.716988596e+00,7.922101835e-01,5.557020128e+00,1.713283262e+00
7.209009284e+06,9.112240000e-03,1.727551328e+00,2.317484833e+00,2.569843735e+00,1.392755290e-01
7.180380961e+06,1.310144000e-02,1.716702362e+00,9.664080055e-01,6.030603003e+00,2.481212425e-01
7.145793028e+06,7.677530000e-03,1.725600050e+00,5.812621852e+00,4.066711405e+00,4.485342589e+00
7.195349647e+06,5.444450000e-03,1.725430753e+00,2.344694516e+00,1.645077540e+00,4.651026695e+00
7.010959083e+06,1.393230000e-02,1.725460424e+00,3.878456701e+00,4.323657032e+00,1.935765617e+00
7.244030205e+06,7.435730000e-03,1.724242184e+00,8.789233767e-01,4.601176600e-01,5.831659903e+00
7.200663170e+06,1.770126000e-02,1.718583827e+00,3.457556589e+00,3.338909107e+00,2.939350881e+00
7.316628744e+06,3.053320000e-02,1.719941693e+00,1.464156709e-01,3.631735213e+00,2.624214231e+00
7.164401485e+06,8.957730000e-03,1.718414530e+00,9.734486637e-01,2.349162559e+00,3.948924370e+00
7.237598360e+06,4.970000000e-03,1.723755237e+00,8.901947130e-01,6.263471813e+00,5.319170148e-01
7.238918200e+06,4.526600000e-03,1.723575468e+00,9.071662947e-01,3.466990094e+00,3.961679236e+00
7.140033590e+06,6.548650000e-03,1.732076967e+00,3.644090399e+00,5.894727376e+00,3.855694117e-01
7.246502986e+06,6.388600000e-03,1.723390463e+00,1.693367310e+00,5.669028378e+00,6.088493829e-01
7.250024102e+06,1.021950000e-02,1.728315782e+00,1.865224645e+00,3.188611824e-01,5.972696469e+00
7.253502919e+06,5.724240000e-03,1.734202778e+00,5.395598116e+00,3.938546642e+00,3.480841027e+00
7.296573206e+06,1.116820000e-02,1.732309096e+00,2.009545921e+00,2.087827428e+00,5.335872949e-01
7.260271022e+06,1.333225000e-02,1.717189308e+00,4.578710722e+00,1.684141499e+00,4.627609612e+00
7.135078528e+06,2.117240000e-02,1.715890784e+00,1.305066458e+00,5.554265998e+00,7.030762186e-01
7.259157932e+06,2.886330000e-02,1.728999952e+00,2.171315253e+00,4.339869395e+00,1.891195144e+00
7.147849812e+06,1.503290000e-02,1.718292357e+00,1.881478896e+00,6.042703371e+00,1.345563332e+00
7.237772653e+06,2.707892000e-02,1.733345821e+00,4.119395914e+00,2.602608801e+00,3.710974906e+00
7.256905489e+06,3.067695000e-02,1.722276943e+00,4.596986065e+00,4.743080595e+00,1.480868237e+00
7.218627401e+06,6.085710000e-03,1.727909121e+00,2.418986201e+00,6.155757073e+00,2.814308512e+00
7.146936962e+06,4.824790000e-03,1.727085325e+00,5.568331607e+00,1.350942437e+00,1.321228206e+00
7.134586824e+06,5.187500000e-03,1.728293093e+00,2.899951819e-01,3.435453740e-01,5.945177863e+00
7.207755143e+06,5.493360000e-03,1.727785202e+00,2.507823460e+00,4.324107327e+00,2.474548757e+00
7.207592880e+06,1.512200000e-04,1.729823747e+00,5.553248471e+00,1.027134991e+00,1.634431031e+00
7.195245533e+06,1.311933000e-02,1.732520281e+00,8.010363135e-01,1.359555637e+00,6.036797177e+00
7.249166328e+06,4.767900000e-03,1.723470748e+00,1.723743020e+00,5.969362890e+00,3.129165909e-01
7.120473070e+06,2.383649000e-02,1.713489210e+00,5.140441451e+00,9.561105629e-01,1.749032841e+00
7.192925702e+06,1.052486000e-02,1.729406613e+00,5.082267882e+00,4.748046057e+00,1.516162285e+00
7.321476658e+06,2.408911000e-02,1.728006859e+00,4.112281952e+00,4.789111909e+00,1.448122370e+00
7.263039858e+06,1.053534000e-02,1.726751967e+00,1.764117721e+00,2.644304716e+00,3.651064734e+00
7.181598820e+06,7.343550000e-03,1.719459982e+00,9.330931607e-01,5.960124863e-02,6.226493522e+00
6.875416449e+06,1.027699000e-02,1.717231196e+00,3.496105677e+00,3.696115173e+00,2.578357451e+00
7.124812178e+06,1.286560000e-02,1.731706957e+00,5.864191095e+00,1.573161248e+00,4.737828900e+00
7.278667545e+06,1.428490000e-02,1.740389970e+00,2.642887509e+00,4.174701907e+00,2.085856952e+00
7.182685679e+06,1.991756000e-02,1.719657204e+00,6.582858340e-01,5.852347291e+00,1.568036961e+00
7.190932376e+06,7.891100000e-03,1.760307668e+00,5.695066945e+00,1.418312146e+00,4.882499241e+00
7.174390472e+06,2.891700000e-03,1.734838078e+00,2.110549870e+00,3.674467854e+00,2.607837807e+00
6.916302264e+06,1.121500000e-03,1.723463767e+00,3.955970264e+00,2.482591235e-01,2.879007868e-01
7.167033539e+06,1.270810000e-02,1.717821118e+00,1.126180681e+00,5.567931926e-01,5.741751012e+00
7.218884873e+06,1.003757000e-02,1.719997543e+00,8.746403387e-01,2.389591365e+00,3.909453749e+00
7.282812458e+06,7.849700000e-03,1.716032155e+00,4.145151737e+00,8.392572788e-01,5.457583484e+00
7.016524484e+06,2.418940000e-03,1.729005188e+00,5.979779015e+00,7.840019000e-03,6.277481571e+00
7.079911682e+06,1.374430000e-02,1.726860178e+00,3.517585444e+00,4.574710428e+00,2.218559571e+00
7.218622981e+06,6.247880000e-03,1.737199508e+00,2.504987300e+00,3.761750025e+00,3.035216581e+00
7.176372874e+06,2.904400000e-03,1.734996903e+00,1.833990233e+00,3.636847282e+00,5.331717320e+00
7.233880434e+06,1.030270000e-03,1.722680114e+00,1.261033546e+00,5.543181412e+00,7.406566480e-01
7.168264387e+06,1.954030000e-03,1.725163718e+00,2.474016432e+00,3.909266998e+00,2.890158776e+00
7.268333788e+06,6.273560000e-03,1.725540709e+00,6.827745487e-01,7.601240505e-01,1.504124749e+00
7.195415335e+06,4.488640000e-03,1.728106343e+00,5.667082336e+00,5.864540161e+00,4.170481701e-01
7.254658988e+06,7.898820000e-03,1.724865267e+00,8.861403132e-01,2.692912136e+00,3.599221474e+00
7.356741999e+06,1.687110000e-02,1.724860031e+00,5.458899463e+00,4.426645421e+00,4.557452612e+00
7.224299589e+06,2.930000000e-03,1.723067577e+00,2.291437539e+00,6.095939404e+00,1.881971079e-01
7.366821034e+06,2.388861000e-02,1.720217455e+00,1.956116156e+00,3.244462360e+00,4.221701878e+00
7.176069997e+06,3.124110000e-03,1.735133039e+00,1.692583657e+00,4.276960748e+00,2.002615218e+00
7.221313942e+06,5.083750000e-03,1.730087292e+00,5.970727738e+00,1.732483629e+00,4.562791574e+00
7.212174606e+06,6.929050000e-03,1.727645576e+00,2.388039768e+00,1.149976500e+00,5.147871318e+00
6.901147775e+06,8.090210000e-03,1.727594961e+00,9.945165331e-01,3.033876168e+00,3.253223913e+00
7.173257599e+06,1.044380000e-02,1.719048084e+00,5.453700127e-01,6.617066793e-02,6.220418031e+00
7.043801379e+06,5.224300000e-03,1.726200443e+00,5.491067626e-01,4.889279845e+00,1.385723358e+00
7.269509152e+06,5.209670000e-03,1.725703025e+00,1.427422765e+00,6.033177364e+00,2.494599100e-01
7.230272787e+06,4.990100000e-03,1.722741201e+00,1.181753710e+00,3.077462276e+00,6.052890858e+00
7.180600877e+06,9.747800000e-03,1.717871732e+00,9.738553254e-01,3.827135294e+00,2.445721154e+00
7.140388666e+06,9.155480000e-03,1.718330754e+00,1.960908831e+00,4.623310866e+00,2.161061444e+00
7.197972771e+06,7.260200000e-03,1.722952386e+00,4.510801706e+00,4.550509692e+00,1.720390242e+00
7.229179429e+06,7.583100000e-03,1.722835449e+00,1.251209087e+00,2.182460926e+00,4.115240285e+00
7.089947230e+06,5.426780000e-03,1.737419420e+00,1.927772009e+00,2.312714848e+00,4.500465867e+00
7.147068747e+06,1.126491000e-02,1.726945699e+00,2.912396016e-01,1.993515072e-01,6.090295009e+00
7.228856009e+06,6.858130000e-03,1.712054550e+00,1.044050723e+00,4.382959829e+00,1.889282263e+00
6.902078587e+06,1.051800000e-02,1.725690807e+00,6.649477557e-01,2.305073796e+00,3.995973210e+00
7.154293424e+06,3.288300000e-03,1.730103000e+00,2.500358686e-01,3.725064949e+00,5.265026544e+00
7.153035281e+06,6.540670000e-03,1.727258113e+00,3.830233254e+00,5.493036358e+00,7.829407398e-01
7.247653248e+06,9.111720000e-03,1.724371338e+00,5.851268677e-01,4.142120101e+00,2.127723910e+00
7.169161422e+06,2.268434000e-02,1.727779966e+00,6.008203448e+00,3.912900774e+00,2.340380062e+00
7.208434330e+06,5.104500000e-03,1.720947002e+00,1.538882981e+00,1.450258653e+00,5.895650655e+00
7.210951893e+06,4.420700000e-03,1.720219200e+00,5.591074992e-01,3.835741513e+00,2.443836199e+00
7.212159670e+06,1.711600000e-03,1.721919151e+00,9.027506116e-01,4.303130215e+00,1.978966007e+00
7.218820600e+06,8.979800000e-03,1.732422542e+00,3.171511088e+00,5.260965163e+00,1.008981822e+00
7.126992774e+06,3.831110000e-03,1.722065758e+00,2.538457479e+00,9.780126996e-02,6.188194017e+00
7.110756981e+06,9.813650000e-03,1.723378246e+00,5.513765633e+00,2.740826660e+00,6.216415991e+00
7.205185086e+06,5.633660000e-03,1.721369372e+00,5.877954761e-01,1.809801715e+00,5.569078608e+00
7.238156725e+06,3.513800000e-03,1.723645281e+00,9.656226073e-01,1.696601405e+00,4.595602019e+00
7.255656445e+06,7.785600000e-03,1.723660989e+00,1.553720025e+00,8.205002253e-01,5.476052559e+00
7.179091595e+06,3.191700000e-03,1.734497739e+00,9.429036564e-01,4.033675813e+00,2.246594794e+00
7.153747907e+06,1.445030000e-02,1.738803466e+00,3.355742807e+00,2.711864666e+00,3.585581726e+00
7.060292809e+06,5.093200000e-03,1.724990930e+00,5.942408025e+00,7.780119300e-01,5.514386970e+00
7.341222212e+06,1.701690000e-02,1.758476817e+00,5.529628931e+00,3.121556274e-01,5.983315052e+00
7.145402793e+06,1.979108000e-02,1.718948600e+00,2.366462262e+00,3.380852859e+00,2.894942724e+00
7.251632333e+06,1.100998000e-02,1.728895232e+00,2.078617326e+00,2.131120321e+00,4.700564375e+00
7.317008836e+06,4.347180000e-02,1.718543684e+00,3.038059722e-01,3.588524351e+00,3.155490710e+00
7.123105636e+06,1.333170000e-02,1.726964898e+00,2.599631269e+00,3.685583856e+00,3.119159937e+00
7.319264574e+06,1.988010000e-02,1.718070700e+00,1.174681636e+00,1.482154545e+00,4.842597524e+00
7.224985841e+06,2.412880000e-02,1.730715610e+00,5.199166545e+00,5.798261282e+00,4.647689625e-01
7.246172638e+06,4.702600000e-03,1.724613939e+00,7.957968351e-01,6.262209940e+00,2.665730378e+00
7.055439794e+06,2.734200000e-03,1.728619470e+00,4.035866201e+00,5.552318211e+00,3.375782678e+00
7.119018369e+06,1.105170000e-02,1.725174190e+00,3.908354191e+00,1.216936057e+00,5.607783029e+00
7.175987210e+06,1.016228000e-02,1.721891225e+00,2.091878338e+00,7.667964442e-01,6.079761947e+00
7.236441331e+06,8.141010000e-03,1.720086555e+00,6.268252270e+00,2.227305416e+00,4.070884487e+00
7.166163809e+06,6.219400000e-03,1.739150786e+00,6.200268205e+00,5.067879388e+00,1.205715335e+00
7.133866905e+06,1.336922000e-02,1.728574091e+00,1.912182728e+00,8.542845636e-01,5.450977413e+00
7.033874500e+06,4.032800000e-03,1.724235203e+00,4.160177277e+00,5.760651182e+00,5.206125172e-01
7.132970587e+06,1.368240000e-02,1.702621045e+00,5.389550550e+00,1.821675189e+00,8.045322080e-01
7.238447250e+06,3.557620000e-03,1.723776181e+00,9.170623115e-01,1.735703761e+00,8.984431390e-01
7.193256009e+06,3.637850000e-03,1.720768979e+00,6.364325664e-01,6.147000756e+00,1.372457111e-01
7.242903167e+06,9.232900000e-03,1.718630950e+00,1.720093536e+00,4.533761513e+00,1.733277754e+00
7.304828364e+06,3.212040000e-02,1.720629352e+00,3.628319603e+00,6.225449816e+00,5.253231609e-01
7.068891814e+06,3.238000000e-03,1.722081466e+00,2.994695272e+00,2.751546472e+00,3.536208107e+00
7.128288073e+06,6.266360000e-03,1.728682302e+00,5.583570077e-01,5.403439880e+00,3.557522068e+00
7.193614332e+06,1.444190000e-03,1.722299633e+00,1.867818204e+00,3.583719460e+00,3.221252971e+00
7.183338580e+06,2.823820000e-03,1.723236874e+00,2.110708695e+00,3.327105445e+00,3.478739651e+00
7.259850510e+06,1.324221000e-02,1.719803812e+00,5.287082270e+00,4.409750633e+00,1.850129292e+00
7.181911562e+06,9.544600000e-03,1.717566300e+00,5.582845765e+00,3.071976706e+00,5.487063841e+00
7.092092303e+06,1.481060000e-02,1.728622960e+00,4.136824772e+00,5.611200384e+00,6.557533612e-01
6.936325545e+06,3.923900000e-03,1.725790291e+00,4.890908238e+00,1.616174887e-01,3.704566057e-01
7.124018112e+06,1.286380000e-03,1.725374903e+00,2.498119429e+00,8.291902197e-01,5.457963966e+00
7.286605169e+06,1.367910000e-02,1.726463988e+00,1.098887222e+00,5.635144556e+00,1.722613792e+00
7.144751241e+06,3.979690000e-03,1.723336358e+00,2.491747232e+00,2.533802686e+00,3.756018363e+00
7.000448602e+06,9.027490000e-03,1.733253319e+00,5.117835947e+00,1.890905420e+00,4.411571012e+00
7.156105490e+06,7.970260000e-03,1.719548994e+00,2.469817170e+00,2.874101747e+00,3.415412124e+00
7.105346875e+06,1.890390000e-02,1.731483555e+00,2.815390616e+00,4.413815505e+00,1.835180547e+00
7.031609667e+06,5.508250000e-03,1.726689136e+00,6.098046016e+00,4.583697128e+00,1.690662049e+00
7.189574506e+06,2.308890000e-02,1.727608924e+00,1.516914522e+00,3.298537896e+00,2.979427131e+00
7.176231054e+06,5.877990000e-03,1.719142332e+00,1.172896164e+00,6.237619996e+00,4.707851124e-02
7.157142835e+06,1.454590000e-02,1.719960891e+00,1.811587186e+00,1.633163922e+00,4.681145841e+00
7.224751370e+06,3.090090000e-03,1.723580704e+00,1.739616789e+00,1.627938407e-01,3.487010766e-01
7.219460462e+06,3.894600000e-03,1.722013399e+00,6.710424455e-01,5.225075957e+00,1.053374271e+00
7.232224601e+06,2.166150000e-02,1.720575247e+00,6.727022536e-01,3.860874254e+00,2.395511522e+00
7.126924847e+06,6.870530000e-03,1.720442602e+00,2.797357875e+00,1.787482444e+00,4.511217095e+00
7.119937826e+06,9.220480000e-03,1.713511900e+00,5.646922038e+00,4.830792117e+00,1.436173846e+00
7.226875336e+06,3.218780000e-03,1.722407843e+00,1.288658617e+00,1.094618147e-01,2.625132275e+00
7.145712938e+06,2.114790000e-02,1.729403123e+00,6.555177418e-01,3.621083468e+00,2.644433871e+00
7.228730343e+06,4.420200000e-03,1.724097322e+00,1.828818822e+00,6.668711086e-01,4.364405234e-01
7.208257618e+06,3.001166000e-02,1.729483408e+00,5.892385144e+00,2.436748416e+00,3.888120589e+00
7.114130290e+06,1.661250000e-02,1.713403689e+00,5.511575245e-01,2.311444248e-01,6.061594815e+00
7.217716849e+06,1.461148000e-02,1.710010769e+00,5.095848289e+00,2.720720467e+00,3.576617715e+00
7.168610854e+06,6.601350000e-03,1.719826501e+00,1.550210168e+00,2.907509094e+00,3.903069334e+00
7.234214770e+06,6.731200000e-03,1.730314184e+00,1.858576686e+00,7.062125752e-02,6.215531109e+00
7.140718100e+06,2.083248000e-02,1.726738005e+00,5.377827174e+00,4.563590935e+00,1.680376824e+00
7.194615737e+06,4.903700000e-03,1.725931663e+00,2.327050982e+00,5.639799349e+00,6.395636871e-01
7.261584082e+06,1.092420000e-02,1.726027656e+00,7.686779092e-01,3.405085011e+00,2.874429869e+00
7.304035224e+06,3.429217000e-02,1.716363768e+00,4.589186188e+00,3.521009780e-01,5.956115841e+00
7.149950940e+06,9.054600000e-03,1.717145675e+00,1.067467805e+00,1.150170232e+00,5.395105933e+00
7.213798305e+06,1.210010000e-02,1.789084656e+00,6.765594312e-01,6.888884371e-01,1.964907380e+00
7.086580300e+06,7.451800000e-03,1.776890041e+00,4.366098203e-01,5.569473052e+00,7.060485143e-01
7.485400870e+06,4.433586000e-02,1.792831878e+00,4.621481761e+00,2.838420236e+00,3.474170379e+00
7.278541649e+06,1.185715000e-02,1.787494661e+00,4.316239383e+00,2.503699247e+00,1.347917781e-01
7.211094681e+06,5.244100000e-03,1.733173034e+00,5.658919431e+00,1.385025227e+00,4.910506540e+00
7.022535060e+06,5.848560000e-03,1.725425517e+00,4.040943364e+00,2.545725030e+00,3.746169470e+00
7.295635633e+06,1.193057000e-02,1.747816346e+00,1.686808362e-01,6.125831658e+00,1.556327547e-01
7.170714086e+06,2.680200000e-03,1.729911013e+00,5.166928568e+00,5.781654475e+00,5.010107244e-01
7.138809534e+06,1.684310000e-02,1.717023502e+00,6.153996036e-01,2.491303918e+00,5.017873959e+00
7.351154215e+06,2.190840000e-02,1.718983507e+00,3.787399383e-01,5.472122077e+00,7.816230162e-01
7.193939898e+06,5.059280000e-03,1.747083308e+00,4.637542281e+00,1.007540180e+00,5.286223568e+00
7.095560114e+06,1.155725000e-02,1.713660253e+00,1.546440257e+00,3.797468188e+00,2.978626025e+00
7.054656164e+06,3.021500000e-03,1.721468856e+00,2.952428633e+00,1.996757893e+00,4.294035304e+00
7.288029396e+06,1.955850000e-02,1.728211063e+00,3.089787791e+00,3.558761251e-01,5.942729166e+00
7.187479977e+06,3.820400000e-03,1.720198256e+00,8.852240153e-01,2.355149038e+00,5.008955327e+00
7.174608691e+06,1.057690000e-02,1.729113398e+00,4.012286803e+00,3.356337965e-01,5.956496323e+00
7.122830341e+06,1.423840000e-02,1.724390537e+00,5.522642378e+00,5.114804310e+00,3.300922016e+00
7.158255536e+06,2.692100000e-03,1.725383629e+00,2.750867539e+00,4.634070821e+00,1.645812323e+00
7.198155467e+06,5.303780000e-03,1.732172960e+00,5.615336814e+00,4.854134150e+00,1.420605509e+00
7.184585861e+06,1.486730000e-02,1.724971732e+00,3.067505172e+00,5.062152962e-01,6.280026261e+00
7.191485822e+06,5.420180000e-03,1.720510670e+00,8.315394328e-01,8.998010052e-01,5.393901656e+00
7.257618849e+06,4.283800000e-03,1.722718512e+00,1.303364761e+00,6.260784006e+00,2.423564199e-02
7.224300972e+06,3.729000000e-03,1.723427115e+00,1.797823520e+00,4.722072067e+00,3.754602901e+00
7.246537281e+06,2.765210000e-02,1.732644199e+00,5.173197791e+00,5.176894398e+00,2.144047974e+00
7.549560352e+06,4.502840000e-02,1.726134121e+00,3.737022200e+00,2.171472333e+00,4.189463902e+00
7.149164947e+06,2.435140000e-02,1.716910056e+00,1.774460543e+00,9.334544438e-01,5.390477320e+00
7.177292513e+06,6.541160000e-03,1.727118487e+00,5.389810604e+00,2.624099040e+00,3.667662815e+00
7.174696859e+06,8.814610000e-03,1.711030042e+00,4.342976082e+00,6.205224940e+00,7.863580945e-02
7.083940324e+06,2.869736000e-02,1.714506737e+00,5.683559989e+00,4.901680410e+00,1.327445069e+00
7.193518130e+06,3.407477000e-02,1.733073550e+00,3.747769937e+00,2.146695639e+00,4.196553429e+00
7.050508546e+06,1.751215000e-02,1.728951082e+00,3.657192585e+00,2.172252495e+00,4.142151517e+00
7.038727107e+06,7.612700000e-03,1.727628123e+00,3.648001681e+00,2.742627840e-01,6.015100989e+00
7.192538764e+06,4.473770000e-03,1.723046633e+00,1.963144597e+00,6.278724246e+00,6.464699549e-03
7.221958098e+06,3.265600000e-03,1.724730876e+00,1.916148117e+00,1.152568314e+00,5.138622818e+00
7.225092100e+06,1.424911000e-02,1.714532917e+00,2.146426858e+00,5.007888931e+00,1.250156654e+00
7.191330673e+06,5.216380000e-03,1.729289676e+00,1.835552302e+00,8.561346127e-01,5.436955438e+00
7.134712242e+06,1.914700000e-02,1.715930926e+00,9.844110767e-01,9.646103163e-01,5.351833985e+00
7.110646612e+06,8.793800000e-03,1.721215783e+00,3.166591004e+00,2.904482693e+00,3.384966600e+00
7.166812443e+06,2.928530000e-03,1.727809637e+00,2.031495181e+00,4.256545632e+00,2.550336190e+00
7.091588208e+06,3.827110000e-03,1.726284219e+00,3.401676383e+00,3.005472680e+00,3.280850729e+00
7.119076460e+06,1.542961000e-02,1.729832474e+00,2.096960736e-01,6.510078110e-03,6.278905760e+00
7.140436978e+06,2.123230000e-02,1.724158408e+00,5.522651104e+00,8.276613112e-01,1.800411843e+00
7.055546078e+06,5.472970000e-03,1.725682081e+00,3.225385911e-01,5.839112459e+00,9.517507304e-01
7.199282399e+06,1.218272000e-02,1.720550813e+00,1.487886206e+00,2.128746673e+00,4.177283249e+00
7.261974669e+06,5.634600000e-03,1.723030925e+00,9.152314611e-01,5.956873314e+00,3.014077153e+00
7.127926980e+06,5.706100000e-03,1.732488865e+00,3.767696361e+00,1.293741016e+00,5.002474919e+00
7.052403872e+06,1.120212000e-02,1.727156884e+00,3.790729472e+00,3.859378507e+00,2.411099058e+00
7.134462121e+06,5.015400000e-03,1.757843263e+00,5.332862256e+00,3.342562081e+00,2.940689549e+00
7.141799388e+06,2.674500000e-03,1.726861923e+00,2.107621207e+00,2.525702612e+00,4.848472302e+00
7.294632725e+06,1.841392000e-02,1.785747587e+00,5.334323097e+00,2.468591949e+00,3.839843037e+00
7.257608539e+06,1.300640000e-02,1.781108502e+00,5.614490330e+00,5.386663776e+00,8.783194928e-01
7.284954841e+06,1.753231000e-02,1.791039425e+00,4.211168816e+00,3.447517456e+00,5.534716565e+00
7.181223783e+06,1.411050000e-02,1.790144071e+00,2.261875152e+00,7.640842026e-01,5.540484879e+00
6.984430010e+06,1.426980000e-02,1.717084589e+00,3.152375298e+00,2.874702140e+00,3.418250029e+00
7.215813845e+06,9.593900000e-03,1.731504499e+00,1.472619811e+00,2.310232990e+00,3.343474888e-01
7.400591357e+06,3.433238000e-02,1.717875223e+00,4.079373769e+00,4.941803784e+00,1.276896843e+00
6.886529297e+06,2.019060000e-03,1.727224952e+00,5.870517914e+00,1.707017530e+00,5.523642451e+00
7.146052663e+06,1.643040000e-02,1.730300222e+00,2.011247617e+00,1.871253012e+00,4.445515920e+00
7.199461915e+06,1.578351000e-02,1.735707252e+00,3.391597106e+00,2.707330301e+00,3.591372728e+00
6.958726945e+06,7.586570000e-03,1.729085473e+00,4.577204503e+00,1.080109225e+00,5.218536209e+00
7.142522438e+06,2.204360000e-03,1.725804254e+00,2.305428098e+00,3.880634872e+00,2.401651591e+00
7.142790110e+06,1.766550000e-03,1.724586014e+00,2.710773836e+00,2.364722169e+00,3.536857369e-01
7.332599434e+06,1.935469000e-02,1.703930042e+00,4.234528303e+00,3.726789334e+00,2.536823850e+00
7.085615423e+06,1.492703000e-02,1.724352140e+00,2.594657081e+00,2.719488265e+00,6.206181381e+00
7.149663468e+06,4.928000000e-03,1.719575174e+00,1.729198919e+00,5.595452278e+00,6.835529656e-01
7.316533704e+06,1.693176000e-02,1.784986623e+00,5.148675915e+00,8.436502725e-01,5.466589383e+00
7.218917160e+06,1.095421000e-02,1.782611230e+00,2.259410747e+00,3.610491065e+00,2.664775683e+00
6.913661016e+06,1.555330000e-02,1.712068512e+00,3.970658955e+00,2.121318551e+00,4.190708322e+00
7.004762324e+06,5.200700000e-03,1.733916544e+00,5.912246991e+00,1.729694593e+00,4.565877316e+00
7.290194623e+06,9.031500000e-03,1.734085841e+00,1.865638288e+00,5.613888191e+00,6.601550816e-01
7.323628882e+06,1.604350000e-02,1.723551034e+00,6.258061293e+00,5.481089579e+00,3.454416742e+00
7.157887780e+06,1.201580000e-02,1.719058556e+00,2.441167590e+00,7.542318189e-01,5.547344023e+00
7.042638810e+06,1.521424000e-02,1.722055286e+00,5.409403670e+00,5.726735944e+00,1.496532567e+00
7.222916694e+06,3.419120000e-03,1.722428787e+00,1.258056014e+00,5.967315619e-01,5.692328524e+00
7.215383241e+06,4.436280000e-03,1.794102478e+00,4.689134213e+00,6.038968366e+00,2.440895319e-01
7.396888140e+06,2.934299000e-02,1.733110202e+00,1.603084918e-02,5.492954327e+00,1.806778804e+00
7.109236238e+06,2.046200000e-03,1.731368363e+00,9.231412933e-01,3.460027976e+00,3.348733565e+00
7.279443542e+06,1.476120000e-02,1.784002258e+00,5.709724220e+00,4.865023259e+00,1.391036140e+00
7.273311122e+06,2.104636000e-02,1.713190759e+00,4.543118223e+00,2.057373178e+00,4.265359544e+00
7.178532510e+06,1.008500000e-02,1.719313374e+00,9.983632387e-01,5.822386969e+00,4.539269772e-01
7.183185797e+06,5.576250000e-03,1.725292872e+00,2.417771452e+00,3.157405337e-01,2.349537804e+00
7.017552163e+06,1.901153000e-02,1.725053762e+00,5.777896781e+00,3.186081096e-01,5.978382752e+00
7.236043791e+06,1.238950000e-02,1.723660989e+00,7.839966640e-01,5.675157974e+00,5.959950330e-01
7.324182541e+06,1.854382000e-02,1.718196363e+00,1.655964904e+00,6.093426130e+00,1.848286225e-01
6.978276139e+06,2.493460000e-03,1.721894716e+00,3.705923923e+00,4.818796469e+00,1.461550933e+00
7.191339425e+06,5.006200000e-03,1.729300148e+00,4.687432517e+00,4.426797264e+00,1.848829022e+00
7.096143905e+06,1.049675000e-02,1.727144667e+00,4.349603097e+00,2.273399561e+00,4.027993021e+00
7.162980011e+06,1.243157000e-02,1.734396510e+00,4.393398644e+00,3.849208474e+00,2.419789052e+00
7.089933047e+06,2.557881000e-02,1.724336432e+00,2.763032484e+00,3.618242072e+00,2.643220867e+00
6.855276138e+06,6.630120000e-03,1.742458185e+00,2.962912826e+00,1.762618484e+00,4.535751188e+00
7.238576338e+06,1.694500000e-03,1.723081540e+00,1.419617652e+00,4.566549268e-01,5.830061181e+00
7.028362051e+06,2.772868000e-02,1.712850420e+00,2.269989188e+00,3.861616019e+00,2.386594635e+00
7.263805392e+06,7.386580000e-03,1.727027729e+00,1.954142189e+00,5.259574135e+00,1.013055420e+00
7.180069278e+06,5.820880000e-03,1.725713497e+00,2.405342962e+00,1.014083419e+00,5.281013760e+00
7.205496507e+06,8.600500000e-03,1.731022788e+00,1.016589712e+00,4.126782147e+00,2.144081136e+00
7.021223216e+06,1.693943000e-02,1.714875002e+00,2.521910012e+00,6.276198754e+00,8.812167393e-03
6.944111806e+06,2.329040000e-03,1.728394322e+00,5.751489949e+00,1.008299398e+00,6.217079216e+00
7.094544146e+06,1.844795000e-02,1.733014209e+00,4.461115673e+00,4.604744053e+00,1.643792977e+00
7.257977222e+06,1.283138000e-02,1.720055139e+00,5.479733458e+00,4.337624902e+00,4.657051571e+00
7.029578510e+06,9.588200000e-03,1.728713718e+00,5.922293106e+00,4.525914512e+00,1.740510398e+00
7.363739184e+06,3.177476000e-02,1.741672787e+00,7.087118867e-01,6.223872038e+00,1.130746462e+00
7.099254438e+06,1.474230000e-02,1.707897176e+00,1.053964193e+00,3.242141072e-01,5.970314095e+00
7.722118063e+06,6.897320000e-02,1.731017552e+00,4.322452755e+00,3.749784047e+00,2.453199890e+00
7.142505129e+06,3.409700000e-03,1.725495330e+00,3.029512845e+00,2.308335817e+00,4.495294456e+00
7.132862093e+06,1.159400000e-03,1.733145108e+00,1.973473456e+00,4.067638175e+00,2.215765299e+00
7.229471903e+06,4.100110000e-03,1.720289013e+00,1.498284878e+00,9.677868156e-01,5.324180988e+00
7.172536244e+06,1.032940000e-02,1.719170257e+00,7.455959298e-01,3.029118401e+00,3.258496552e+00
7.126888126e+06,5.886500000e-03,1.720484490e+00,2.845412025e+00,1.183581070e+00,5.112558071e+00
7.223050058e+06,1.271620000e-03,1.722322322e+00,1.023583246e+00,7.177823628e-01,5.569120496e+00
7.041066328e+06,1.479371000e-02,1.708834417e+00,1.576463411e+00,2.516492510e+00,4.315881590e+00
7.323017147e+06,3.054899000e-02,1.734021264e+00,2.157352619e+00,4.774992195e+00,1.449323156e+00
7.206007381e+06,1.265240000e-02,1.723257818e+00,1.926522354e+00,4.167097508e+00,2.096417939e+00
7.164274214e+06,1.737579000e-02,1.729048821e+00,6.031356985e+00,3.956495608e+00,2.303274362e+00
7.136165448e+06,7.651200000e-03,1.726404647e+00,4.916517454e+00,2.006660892e+00,4.292511632e+00
7.163187542e+06,3.968610000e-03,1.730425886e+00,6.108402800e+00,2.092754493e-01,2.455756797e+00
7.211032911e+06,3.139737000e-02,1.733166052e+00,2.992417617e+00,3.589747827e+00,2.667772414e+00
7.003417863e+06,2.008800000e-03,1.720688694e+00,3.250516907e+00,5.705524958e+00,5.775765734e-01
7.294349455e+06,3.569708000e-02,1.727359342e+00,1.992977510e+00,3.133136533e+00,3.152801158e+00
7.207711686e+06,1.579645000e-02,1.721304795e+00,1.557816313e+00,5.740302389e+00,1.049178500e+00
7.127262981e+06,5.071270000e-03,1.728711972e+00,4.696017792e-01,1.858566214e-01,6.101255677e+00
7.244335640e+06,2.160416000e-02,1.723744765e+00,1.351361316e+00,4.268600621e+00,1.977360304e+00
7.121047173e+06,3.073780000e-02,1.711515243e+00,1.120222127e+00,4.012784222e+00,2.224802613e+00
7.168283900e+06,5.113550000e-03,1.732249755e+00,2.799476704e+00,6.155800706e+00,1.281368377e-01
7.256390347e+06,4.697180000e-02,1.721423477e+00,4.886201085e+00,1.015207411e+00,5.348282240e+00
7.448494789e+06,5.456773000e-02,1.719453001e+00,2.736173612e+00,4.259170607e+00,2.427512134e+00
7.253564258e+06,7.556880000e-03,1.724743093e+00,8.693240658e-01,1.787782641e+00,4.512222404e+00
7.254663415e+06,4.024410000e-03,1.724627902e+00,1.513516366e+00,3.938187104e+00,2.858838843e+00
7.009201858e+06,2.561520000e-03,1.728446682e+00,2.457650480e+00,2.079264843e+00,4.746899376e+00
7.230324177e+06,1.342500000e-02,1.718693782e+00,5.807076941e+00,4.664479692e+00,1.593921939e+00
7.022400189e+06,3.702200000e-03,1.727087071e+00,9.478673728e-01,5.696444010e+00,5.847463859e-01
7.130426664e+06,2.125360000e-02,1.733141618e+00,6.023644375e+00,5.798158308e+00,4.675038934e-01
7.039272326e+06,1.491450000e-02,1.733001991e+00,3.875535020e+00,3.311880938e+00,2.968335564e+00
7.222280042e+06,1.956180000e-02,1.736593879e+00,3.967112446e+00,1.604749962e+00,4.719598936e+00
7.148280045e+06,8.008000000e-03,1.726320871e+00,3.890797924e+00,2.491190472e+00,5.951078821e+00
7.240931726e+06,1.025929000e-02,1.720994126e+00,1.082893025e+00,3.683948483e+00,5.288646085e+00
7.467046947e+06,4.655580000e-02,1.789868309e+00,3.819321455e+00,5.047076808e+00,4.025577485e+00
7.228506320e+06,1.376610000e-02,1.715311334e+00,3.850959039e+00,5.251812656e+00,1.009903356e+00
7.257846764e+06,4.430736000e-02,1.716908310e+00,4.181110756e-01,6.215915082e+00,6.342351969e-02
7.095551582e+06,1.035660000e-02,1.729287931e+00,3.270527107e+00,5.747866646e+00,5.268782493e-01
7.068226083e+06,3.942250000e-03,1.731450394e+00,4.396962606e+00,4.971832174e+00,1.305823930e+00
7.116117882e+06,2.119502000e-02,1.715080951e+00,9.326620644e-01,5.946261712e+00,3.251408770e-01
7.103146373e+06,1.365950000e-02,1.735157473e+00,2.570342899e+00,2.078847709e+00,4.230421543e+00
7.390077052e+06,2.288200000e-02,1.737682965e+00,1.850780300e+00,6.242082803e-01,5.687301975e+00
7.236484518e+06,5.888200000e-03,1.723982130e+00,7.633581456e-01,3.057062867e+00,3.229182002e+00
7.291464408e+06,1.184289000e-02,1.727591471e+00,2.978571920e+00,5.551152331e+00,1.164235840e+00
7.048801008e+06,5.948900000e-03,1.726530311e+00,1.079634495e+00,3.677527416e+00,2.601671559e+00
7.168779934e+06,8.815500000e-03,1.718800247e+00,7.253501105e-01,2.217885874e+00,4.081501325e+00
6.960144765e+06,1.426170000e-02,1.727245896e+00,4.188502225e+00,2.437043377e+00,3.866925311e+00
7.121234253e+06,2.097600000e-02,1.713145381e+00,5.260891859e+00,2.654150119e+00,3.651096150e+00
7.046048075e+06,3.203370000e-03,1.736668928e+00,2.738177250e+00,6.235494185e+00,4.947135765e-02
7.197197498e+06,1.663770000e-02,1.720800395e+00,9.946369608e-01,2.223565175e+00,4.088339525e+00
7.205383457e+06,1.237710000e-02,1.721468856e+00,8.241584354e-01,6.018680659e+00,7.792371511e-01
7.311116459e+06,1.680580000e-02,1.725118339e+00,3.912192170e+00,5.770381393e+00,3.192969911e+00
7.328460934e+06,1.847322000e-02,1.730596928e+00,2.830489460e+00,2.170618867e+00,5.160954306e+00
7.260647635e+06,1.606990000e-02,1.716787883e+00,4.770808641e+00,4.071732717e+00,2.187566014e+00
7.235166303e+06,1.112380000e-02,1.721212292e+00,3.751009269e-01,4.746189027e+00,1.516813293e+00
6.995307820e+06,9.162090000e-03,1.712033606e+00,2.213225845e+00,2.971787825e+00,3.316659650e+00
7.257333350e+06,3.075905000e-02,1.717742578e+00,3.459537538e+00,3.057069849e+00,3.559323247e+00
7.506759830e+06,6.337395000e-02,1.732967085e+00,6.159010367e+00,3.095175622e+00,3.196336651e+00
7.203265813e+06,1.030450000e-02,1.750699630e+00,1.046429606e+00,2.646046555e+00,3.649076804e+00
6.802017719e+06,5.531940000e-03,1.720233163e+00,1.518637162e+00,4.934361700e+00,1.340213898e+00
7.260904810e+06,7.070500000e-03,1.725252730e+00,1.033467046e+00,5.289825927e+00,9.835715733e-01
7.405889937e+06,3.112030000e-02,1.678746686e+00,1.023993399e+00,1.694264409e+00,4.652876744e+00
7.522481562e+06,4.917372000e-02,1.786297366e+00,4.618631638e+00,8.806215821e-01,5.478504746e+00
6.933490927e+06,1.009562000e-02,1.727827090e+00,2.350036969e+00,1.064872501e+00,5.238028046e+00
6.982823516e+06,8.392300000e-03,1.735639184e+00,6.186628457e+00,3.079406572e-01,5.982393519e+00
7.126117709e+06,2.081382000e-02,1.740117699e+00,5.369830075e+00,3.251745619e+00,3.028922924e+00
7.308453460e+06,1.268430000e-02,1.745906956e+00,3.728545136e+00,6.206914419e+00,7.633721082e-02
7.043515206e+06,1.211649000e-02,1.728394322e+00,5.987893051e+00,3.588487699e+00,2.686269413e+00
7.075632602e+06,2.703290000e-03,1.737094789e+00,2.055706389e+00,2.795687594e+00,3.491428194e+00
7.153690714e+06,2.064570000e-03,1.730616126e+00,6.058762145e+00,2.596439062e-01,6.026658559e+00
7.236928603e+06,7.319120000e-03,1.722968094e+00,1.189134707e+00,6.796469187e-01,5.614725949e+00
7.391084832e+06,2.242140000e-02,1.734860767e+00,1.222535073e+00,4.170987846e-02,6.245250576e+00
7.131056202e+06,1.984480000e-02,1.732991520e+00,3.804727012e+00,2.108872609e+00,4.210755173e+00
7.058194177e+06,1.755001000e-02,1.729284440e+00,4.320370577e-01,1.826302057e+00,4.753903382e+00
7.356710630e+06,2.242300000e-02,1.729450246e+00,1.291901439e+00,1.195232888e+00,5.131398901e+00
7.041181783e+06,1.433438000e-02,1.722730729e+00,4.902233679e+00,2.935294736e-01,5.999925351e+00
7.328874200e+06,1.783980000e-02,1.781623374e+00,2.260606298e+00,1.315140498e-01,6.158238931e+00
7.292122094e+06,1.316909000e-02,1.721097101e+00,2.355932691e-01,6.205994630e+00,7.717147821e-02
7.191868785e+06,1.789450000e-02,1.719446019e+00,6.450614742e-01,5.197967504e+00,3.766685816e+00
7.067641194e+06,1.277820000e-02,1.732768117e+00,9.438408982e-01,3.172441348e+00,3.112075645e+00
7.157972356e+06,1.936780000e-02,1.730677213e+00,6.859667559e-01,4.261924736e+00,1.988256395e+00
7.185110363e+06,5.046680000e-03,1.722509072e+00,3.312957806e+00,4.731636471e+00,2.536507946e+00
7.109565569e+06,2.253770000e-02,1.704546143e+00,9.711605370e-01,6.162795986e+00,1.170871582e-01
7.298901415e+06,1.918460000e-02,1.732986284e+00,5.941516162e+00,2.004056860e+00,4.316209712e+00
7.084652662e+06,1.810370000e-02,1.728233752e+00,5.023558497e+00,3.671558390e+00,2.595240021e+00
7.215422800e+06,1.023040000e-02,1.721364136e+00,1.290238140e+00,1.140338792e+00,5.163418711e+00
7.159834697e+06,1.442478000e-02,1.733530826e+00,2.283951822e+00,5.190012293e+00,1.069722771e+00
7.143743486e+06,1.907330000e-02,1.716800100e+00,6.540830811e-01,1.997716079e+00,4.578108584e+00
7.116844500e+06,1.018190000e-02,1.729766151e+00,3.507471261e+00,1.522485613e-01,9.345138587e-01
7.358182034e+06,2.024445000e-02,1.733755974e+00,5.411873311e+00,1.282260240e+00,5.041561568e+00
7.317488031e+06,1.607270000e-02,1.724592995e+00,7.902693773e-01,3.358099002e+00,3.952339979e+00
7.431533710e+06,3.022995000e-02,1.717946781e+00,2.488033171e+00,2.017049091e+00,4.323236408e+00
7.398769524e+06,2.731020000e-02,1.717461580e+00,3.612306208e+00,4.606143807e+00,1.624625772e+00
7.164074590e+06,3.651290000e-03,1.727034711e+00,2.734309601e+00,8.391385964e-01,5.451527192e+00
7.152574892e+06,7.373100000e-03,1.724320724e+00,3.314458789e+00,3.502322539e+00,2.777717684e+00
7.477336061e+06,4.245858000e-02,1.707284565e+00,6.156174207e+00,1.465678637e+00,4.903619471e+00
6.894911682e+06,2.864720000e-03,1.725584342e+00,1.909440816e+00,3.593266411e-01,5.928005568e+00
7.008895402e+06,1.603525000e-02,1.732234047e+00,2.501201680e+00,2.021840020e+00,4.292487197e+00
6.955546581e+06,1.495780000e-02,1.726441299e+00,1.752553170e+00,3.353992242e+00,2.924986821e+00
7.230631716e+06,1.523375000e-02,1.731492282e+00,3.415865910e+00,3.424938131e+00,3.999402782e+00
7.198753754e+06,6.099970000e-03,1.727088816e+00,2.382945152e+00,1.463118239e+00,4.834242633e+00
7.214461103e+06,8.385140000e-03,1.726024165e+00,1.739093191e+00,4.480701758e+00,1.788192793e+00
7.173784347e+06,2.679750000e-03,1.734586750e+00,2.144576809e+00,3.137632502e+00,3.675082210e+00
7.213575163e+06,1.270392000e-02,1.720039431e+00,5.801456980e-01,5.293775608e-01,5.768554033e+00
7.090845439e+06,1.146970000e-02,1.727125468e+00,3.166025518e+00,1.284080619e+00,5.023129146e+00
7.053887519e+06,4.404600000e-03,1.732719248e+00,5.331607364e+00,5.626967688e+00,3.812230183e+00
7.109612177e+06,2.871150000e-03,1.719327337e+00,4.996799109e+00,5.489573624e+00,7.915993182e-01
7.069484400e+06,3.093330000e-03,1.722641717e+00,3.245024356e+00,2.981015381e+00,3.305262650e+00
7.043435288e+06,8.508000000e-03,1.728240733e+00,3.488508258e+00,1.839006309e+00,4.462719631e+00
7.245868609e+06,7.671200000e-03,1.731380581e+00,1.787861181e+00,3.290282489e+00,3.287011742e+00
7.168509292e+06,7.229440000e-03,1.717026993e+00,1.126685081e+00,1.702907279e+00,4.596689359e+00
7.401709029e+06,2.653890000e-02,1.717102042e+00,3.568418158e+00,3.793663370e+00,2.458858247e+00
7.378153887e+06,2.656590000e-02,1.734389528e+00,2.537087395e+00,1.866697703e+00,4.469625899e+00
7.516550751e+06,4.255872000e-02,1.703481493e+00,2.110761055e+00,5.311113708e+00,9.049270372e-01
7.193055631e+06,6.390910000e-03,1.720194765e+00,9.823201722e-01,5.890521132e-01,5.703249049e+00
7.193071805e+06,1.526880000e-02,1.714222249e+00,5.410850548e+00,9.059567815e-01,5.403123976e+00
7.221380388e+06,1.246603000e-02,1.740482473e+00,6.068605802e+00,6.159965062e-02,6.225112967e+00
7.118205047e+06,5.042800000e-03,1.728698010e+00,6.578355390e-01,5.307352524e+00,3.674022795e+00
7.293737867e+06,1.169990000e-02,1.731382326e+00,2.099549060e+00,1.775708453e+00,5.694073853e+00
7.423855840e+06,2.596680000e-02,1.730598673e+00,1.341472280e+00,6.267794994e+00,1.947455833e-01
7.409103004e+06,2.437916000e-02,1.753839477e+00,4.277892754e+00,4.434570961e+00,1.803499331e+00
7.550949277e+06,5.400830000e-02,1.730884907e+00,6.197344779e+00,4.481213140e+00,1.697887712e+00
7.533065993e+06,4.292378000e-02,1.732076967e+00,4.083843557e-01,5.605910291e+00,6.266761759e-01
7.286509410e+06,1.607888000e-02,1.719953910e+00,8.402556071e-01,5.324112921e+00,9.349327377e-01
7.410160143e+06,2.890889000e-02,1.789051495e+00,2.102566734e+00,2.015476550e+00,4.322395159e+00
7.380526850e+06,2.947250000e-02,1.732530753e+00,1.822963242e+00,5.671239710e+00,5.806239182e-01
7.542468266e+06,4.595720000e-02,1.787356780e+00,4.653449212e+00,4.550493984e+00,1.643463110e+00
7.222850179e+06,1.105869000e-02,1.721837120e+00,1.074857529e+00,4.890944890e+00,1.372549613e+00
7.143770451e+06,7.935900000e-03,1.726408138e+00,4.798699003e+00,2.412041536e+00,3.883856750e+00
7.234635681e+06,3.604960000e-03,1.723542307e+00,8.236610166e-01,1.131736064e+00,5.160008338e+00
7.216560213e+06,7.711700000e-03,1.721575321e+00,1.262614814e+00,4.271524047e+00,1.999737170e+00
7.305301458e+06,1.331088000e-02,1.729090709e+00,1.488715237e+00,5.349437648e+00,9.144757336e-01
7.201966369e+06,1.934200000e-02,1.721221019e+00,8.620826947e-01,4.741520271e+00,1.505068972e+00
7.264735314e+06,1.228323000e-02,1.728437955e+00,5.469839186e+00,8.373426526e-01,5.465990735e+00
7.484976064e+06,3.973120000e-02,1.806009114e+00,1.230240702e+00,5.072118793e+00,1.139389333e+00
7.175646512e+06,1.073368000e-02,1.770896580e+00,3.418227340e-01,4.878516400e+00,1.385564533e+00
7.155887940e+06,2.064419000e-02,1.716608114e+00,5.100860875e+00,1.898089195e+00,4.426474378e+00
7.171241293e+06,3.404600000e-03,1.737447345e+00,4.110833328e+00,2.796610874e+00,4.016074167e+00
7.164335729e+06,1.199790000e-02,1.718224289e+00,9.612592842e-01,6.235234131e+00,1.157439528e+00
7.290097495e+06,2.365850000e-02,1.728205827e+00,1.608148118e+00,5.112697698e-01,5.796683505e+00
7.008544483e+06,4.378320000e-03,1.744048180e+00,3.354939956e+00,2.242596245e+00,4.049568781e+00
7.188940808e+06,2.690600000e-03,1.720974928e+00,1.787648250e+00,4.142870592e+00,2.137839838e+00
7.261571591e+06,8.459080000e-03,1.743304670e+00,4.781633173e+00,4.407368259e+00,1.861686863e+00
7.065526490e+06,1.606171000e-02,1.726968388e+00,4.061819247e+00,1.254846354e+00,1.007014836e+00
7.032795110e+06,1.702500000e-02,1.729083727e+00,7.937827251e-01,1.818174059e+00,4.500238974e+00
7.425074658e+06,2.809129000e-02,1.729767896e+00,4.839272672e+00,1.823033056e+00,4.516847527e+00
7.291304577e+06,3.969001000e-02,1.728261677e+00,1.646871738e+00,8.954167381e-01,5.450537590e+00
7.171233802e+06,7.088400000e-03,1.728902213e+00,3.150509541e+00,3.206782446e+00,3.609995392e+00
7.143959995e+06,8.309900000e-03,1.726270257e+00,3.733608336e+00,2.735674448e+00,3.556202599e+00
7.209776551e+06,3.414900000e-03,1.718027067e+00,9.707137327e-01,4.443072459e+00,1.835580228e+00
7.197347639e+06,2.602230000e-02,1.720838792e+00,1.036603403e+00,9.962513903e-01,5.881572829e+00
7.142330278e+06,6.629360000e-03,1.715122839e+00,8.396709218e-01,5.896514593e+00,3.837490333e-01
6.998997261e+06,1.830490000e-02,1.718177165e+00,3.072821445e+00,3.577362971e+00,2.692339668e+00
7.259275023e+06,7.468210000e-03,1.723430606e+00,7.180528889e-01,9.955200974e-01,5.302186349e+00
7.210078144e+06,1.021564000e-02,1.721025542e+00,5.911552350e-01,4.541165199e+00,1.723919298e+00
7.068495955e+06,1.699640000e-02,1.731129253e+00,1.428740488e+00,4.007460967e+00,2.251740025e+00
7.078177342e+06,5.329960000e-03,1.723760473e+00,3.792050686e+00,6.282354530e+00,2.895501229e-03
7.107367778e+06,2.077640000e-02,1.723818069e+00,4.537664069e+00,3.081221715e-01,5.989503990e+00
7.159354789e+06,7.130610000e-03,1.727123723e+00,5.947733025e+00,1.012568474e+00,5.284733057e+00
7.162857114e+06,8.120220000e-03,1.734159145e+00,3.970110921e+00,3.956965102e+00,2.316425418e+00
7.143684334e+06,8.250900000e-03,1.725912464e+00,3.777349778e+00,2.637124432e+00,3.656169822e+00
7.265209174e+06,1.359830000e-02,1.724823379e+00,2.740933125e+00,1.599915400e+00,4.712498936e+00
7.061226996e+06,4.563000000e-03,1.735756121e+00,2.007091988e+00,5.443208953e+00,8.352779281e-01
7.124657247e+06,5.086900000e-03,1.737382768e+00,1.221213859e+00,3.341600405e+00,2.941640753e+00
7.165885103e+06,1.620723000e-02,1.718817701e+00,7.296785270e-01,4.077593533e+00,2.181396275e+00
7.318825211e+06,2.384616000e-02,1.774139402e+00,2.542063329e+00,1.065570632e+00,5.260958182e+00
7.032733632e+06,3.494000000e-03,1.720163350e+00,4.389970817e+00,4.463471868e+00,1.815042938e+00
7.475698967e+06,4.824595000e-02,1.794264794e+00,5.381008909e+00,4.482820588e+00,4.962091491e+00
7.210211018e+06,1.517762000e-02,1.720748035e+00,1.862042910e+00,1.302347235e+00,5.012058522e+00
7.288204393e+06,1.498724000e-02,1.724908900e+00,7.228507990e-01,2.301839701e+00,4.005886680e+00
7.080415123e+06,5.065620000e-03,1.728603762e+00,1.182069614e+00,3.543041071e+00,2.738271498e+00
7.192179245e+06,9.458050000e-03,1.750654252e+00,1.019823807e+00,2.756021497e+00,3.536398348e+00
7.259027290e+06,1.447586000e-02,1.726080016e+00,1.840817961e+00,6.136225094e+00,6.644503369e-01
7.333706152e+06,1.367110000e-02,1.737913348e+00,1.732912980e+00,4.088538493e-01,1.613661613e+00
7.081770264e+06,7.249060000e-03,1.736103442e+00,2.997116043e+00,4.030827436e+00,2.802033612e+00
7.236544758e+06,4.256150000e-03,1.722708040e+00,1.868371474e+00,3.765200541e+00,2.515056104e+00
6.752921316e+06,3.843100000e-03,1.712483901e+00,3.534180034e+00,1.830557170e+00,4.462258864e+00
6.899713387e+06,1.322350000e-02,1.726097469e+00,4.837270779e+00,2.357341172e+00,3.946826484e+00
7.353775202e+06,2.708830000e-02,1.738375860e+00,1.922883342e+00,2.199533737e-01,2.902582030e+00
7.448392673e+06,2.926844000e-02,1.736541519e+00,2.321863864e+00,5.754080018e+00,1.011364196e+00
7.184269663e+06,9.054800000e-03,1.722606810e+00,2.006393856e+00,5.860089571e+00,4.177410658e-01
7.332897174e+06,1.815980000e-02,1.721714947e+00,4.934530997e+00,5.773943610e+00,4.937169935e-01
7.160335667e+06,1.624280000e-02,1.726151574e+00,5.764970872e+00,3.173532179e-01,2.332363765e+00
7.239570484e+06,9.508210000e-03,1.716428345e+00,3.293158791e+00,2.168246964e+00,4.132784334e+00
7.216974881e+06,4.094920000e-03,1.724085104e+00,1.868764173e+00,1.501025045e+00,4.792375675e+00
6.799570881e+06,1.223182000e-02,1.693124709e+00,5.361628773e+00,3.302808717e+00,2.978636497e+00
7.223964599e+06,1.214500000e-03,1.722304869e+00,1.069886831e+00,1.446359587e+00,1.200564869e+00
7.137363023e+06,8.465430000e-03,1.742955604e+00,2.340748326e-01,5.753750151e+00,3.648055787e+00
7.459887653e+06,3.282605000e-02,1.735302335e+00,2.133315945e-02,3.630508246e+00,2.623222884e+00
7.134682774e+06,1.367698000e-02,1.737812119e+00,2.851611434e+00,4.024083483e+00,2.769488457e+00
7.302146100e+06,1.911110000e-02,1.728533949e+00,1.436742823e+00,3.554026173e+00,5.414271394e+00
7.083384592e+06,6.110800000e-03,1.724599976e+00,4.490138753e+00,3.591638019e+00,4.888138400e+00
7.074743845e+06,1.445940000e-02,1.720444348e+00,3.684311511e+00,4.952938985e+00,1.304315966e+00
7.198602162e+06,4.887730000e-03,1.724912390e+00,2.413460488e+00,1.973031888e+00,4.832226777e+00
7.155863239e+06,7.500140000e-03,1.727786948e+00,1.937577269e-01,3.831484655e+00,2.444193991e+00
7.226879877e+06,7.098500000e-03,1.729338545e+00,1.808140161e+00,3.187739159e-01,5.970863874e+00
7.077056459e+06,5.145000000e-03,1.725626230e+00,3.702386141e+00,4.023198601e+00,4.911815537e+00
7.291259211e+06,1.361136000e-02,1.719653713e+00,4.557485773e+00,2.478973167e+00,3.823155944e+00
7.172073132e+06,1.430390000e-02,1.729069765e+00,1.538830622e+00,4.232528156e-01,5.873591438e+00
7.322284314e+06,1.603711000e-02,1.697624168e+00,5.071939024e+00,3.407034544e+00,2.869710499e+00
7.253887971e+06,2.663919000e-02,1.715030336e+00,1.154566716e+00,5.451829134e+00,7.945087821e-01
7.011865565e+06,9.457700000e-03,1.721826648e+00,4.413749183e+00,2.344345450e+00,3.954568764e+00
7.099045836e+06,5.119640000e-03,1.734928835e+00,3.666046641e-01,2.741266483e-01,6.013886240e+00
7.251488846e+06,1.093747000e-02,1.706411900e+00,1.776273940e+00,3.661004384e+00,2.613316396e+00
7.005150834e+06,1.451326000e-02,1.725462169e+00,2.600444592e+00,6.180968354e+00,1.013547603e-01
7.391417362e+06,2.281410000e-02,1.759503071e+00,3.511204520e+00,5.545347366e+00,7.094728503e-01
7.094509781e+06,2.741300000e-03,1.736974361e+00,1.667187371e+00,1.985366129e+00,5.423579235e+00
7.148134576e+06,5.481490000e-03,1.751818386e+00,4.740207783e+00,4.377402701e+00,1.897480075e+00
7.508706928e+06,4.184800000e-02,1.716840243e+00,5.013781162e+00,4.859043761e+00,1.343702811e+00
7.281554031e+06,1.499680000e-02,1.720344864e+00,3.336168940e+00,4.838907898e-01,5.815105455e+00
7.239914807e+06,5.098400000e-03,1.737134931e+00,2.808908464e+00,3.376143961e+00,2.906714970e+00
7.379660126e+06,3.858710000e-02,1.719063792e+00,5.842391933e+00,5.630660805e+00,6.086469247e-01
7.012091358e+06,1.161080000e-03,1.731010571e+00,6.002414190e-01,4.994762309e+00,1.288299079e+00
7.280818769e+06,2.874831000e-02,1.730111726e+00,1.515115088e+00,3.247186819e+00,3.031917909e+00
7.265930818e+06,6.900220000e-03,1.732178196e+00,1.631593126e+00,2.434446327e+00,3.859788659e+00
7.016694825e+06,3.474510000e-03,1.727512931e+00,1.231221577e+00,1.297509182e+00,4.994467349e+00
7.225782409e+06,8.547000000e-04,1.722135572e+00,1.145360104e+00,2.292940267e+00,4.202004093e+00
7.203504635e+06,1.504916000e-02,1.721179131e+00,5.515240436e-01,5.511512413e+00,7.528756981e-01
7.092875391e+06,2.665885000e-02,1.714262391e+00,1.649891158e+00,1.754225195e+00,4.583670948e+00
7.131355351e+06,1.208130000e-02,1.724004819e+00,5.861658622e+00,5.795837020e+00,4.781661098e-01
7.256905144e+06,1.216880000e-02,1.726554745e+00,3.817832690e+00,7.105654264e-01,5.590396059e+00
7.258157434e+06,1.206894000e-02,1.788894415e+00,5.354605568e+00,3.565053163e+00,2.710175188e+00
7.380139497e+06,4.866982000e-02,1.725261456e+00,1.479651743e+00,3.381313626e-01,7.464581225e-01
7.274387991e+06,2.300305000e-02,1.712297151e+00,3.893438607e+00,2.091419316e+00,4.234090226e+00
7.096144178e+06,4.686240000e-03,1.725303344e+00,2.109766217e+00,3.261693995e+00,3.022461715e+00
7.393945855e+06,2.710941000e-02,1.742623992e+00,3.365256597e-01,2.287117849e+00,4.039555827e+00
6.745346287e+06,3.320460000e-03,1.716182253e+00,1.453161135e-01,5.422601850e+00,8.577455516e-01
7.220476323e+06,1.301045000e-02,1.715883802e+00,4.291815245e+00,6.233300306e+00,5.061280298e-02
7.222661062e+06,1.347266000e-02,1.689038893e+00,2.611155678e+00,1.908749666e+00,4.402013589e+00
7.011309950e+06,3.846400000e-03,1.737822591e+00,3.964063356e+00,5.477665243e+00,2.982507638e+00
7.237614755e+06,1.232895000e-02,1.717938055e+00,5.789297271e+00,2.989415651e+00,3.299623491e+00
7.207240505e+06,4.825500000e-03,1.725242258e+00,2.263664115e+00,2.638351398e+00,3.651567389e+00
7.236935617e+06,2.809727000e-02,1.709546512e+00,5.847067670e+00,3.754965930e+00,2.497423043e+00
7.278224316e+06,3.002782000e-02,1.707703444e+00,3.101849761e+00,1.654029333e+00,4.691151814e+00
7.213642774e+06,2.338003000e-02,1.687813672e+00,3.128054135e+00,2.145372679e+00,4.179536469e+00
7.375584547e+06,3.702110000e-02,1.722453221e+00,1.183177899e+00,1.838479220e+00,4.518659179e+00
7.091926226e+06,1.727771000e-02,1.713288498e+00,1.468872589e+00,1.957496712e+00,4.359956390e+00
7.407628014e+06,3.260174000e-02,1.730591692e+00,4.412668824e+00,5.440535108e+00,7.967026610e-01
7.285650935e+06,7.846700000e-03,1.726631540e+00,9.060056507e-01,4.563053374e+00,1.706631812e+00
7.316927622e+06,1.868169000e-02,1.744983677e+00,7.629078507e-01,8.841663458e-02,6.199985462e+00
7.263420725e+06,9.917000000e-03,1.734356367e+00,5.758575986e+00,1.832037209e-01,6.105573621e+00
7.296313025e+06,2.391420000e-02,1.775601988e+00,4.615315513e+00,5.896298172e+00,3.710849242e-01
7.503084936e+06,3.746252000e-02,1.809402034e+00,3.629618128e+00,1.785318236e+00,4.573459027e+00
7.059724451e+06,4.078700000e-03,1.728521731e+00,1.502341023e+00,2.621980210e+00,3.667371345e+00
7.125945840e+06,2.114427000e-02,1.715672617e+00,1.229486720e+00,5.779167380e+00,4.858996638e-01
7.307397780e+06,1.845651000e-02,1.710827583e+00,3.365989636e+00,4.993713367e+00,1.256162332e+00
7.366757978e+06,2.328135000e-02,1.716220651e+00,4.601410475e+00,5.002581384e+00,1.759241271e+00
6.959534746e+06,1.091260000e-02,1.699064064e+00,1.268109111e+00,2.847207969e-01,6.006648359e+00
7.193341644e+06,7.976800000e-03,1.728375124e+00,6.667855874e-02,5.371571914e+00,3.595531848e+00
6.883817868e+06,1.170529000e-02,1.686066597e+00,1.693658779e+00,2.208036981e+00,4.096244121e+00
7.243643453e+06,1.563130000e-02,1.715998994e+00,3.656157605e+00,5.168570923e+00,1.088718934e+00
7.006101042e+06,2.174190000e-02,1.724603467e+00,3.185924017e-02,3.543182442e+00,2.724919729e+00
7.244588231e+06,5.521000000e-03,1.722695822e+00,9.201358363e-01,4.155646402e+00,3.158983114e+00
7.256346025e+06,1.110487000e-02,1.720962710e+00,2.134258423e-01,5.291813857e+00,9.748920509e-01
7.156181636e+06,3.030130000e-03,1.722460203e+00,2.260101898e+00,4.114170398e+00,2.166074029e+00
7.062175301e+06,1.613669000e-02,1.719536776e+00,2.581160449e+00,4.862297055e+00,1.391123407e+00
7.210432307e+06,5.341500000e-03,1.725312071e+00,2.244898334e+00,3.420529429e+00,2.861767505e+00
7.204106541e+06,2.871052000e-02,1.712859147e+00,4.582676110e+00,1.519337039e+00,4.823175500e+00
7.065339715e+06,2.213715000e-02,1.721222764e+00,2.846862393e+00,5.243798104e+00,1.003602717e+00
7.210732863e+06,1.343270000e-02,1.721140734e+00,2.846211386e+00,3.827918947e+00,2.440190206e+00
7.203525796e+06,7.989700000e-03,1.728806220e+00,2.654275782e+00,5.419551015e+00,1.366797008e+00
7.145544963e+06,8.022350000e-03,1.718924166e+00,1.693107255e+00,5.479675862e+00,7.940637231e-01
7.379541593e+06,2.656740000e-02,1.718534957e+00,5.262036795e+00,1.364720066e+00,4.972249307e+00
7.131338723e+06,4.994630000e-03,1.722725493e+00,2.499655319e+00,1.761915116e+00,4.533161119e+00
7.115899537e+06,8.935110000e-03,1.725254475e+00,8.103738250e-02,5.327795565e+00,9.429176190e-01
7.231293078e+06,6.822510000e-03,1.723055360e+00,9.672143476e-01,5.782591716e+00,4.961028586e-01
7.308893401e+06,1.506269000e-02,1.727739824e+00,3.840717447e+00,4.294803249e+00,1.962760625e+00
7.202073119e+06,1.166620000e-02,1.721685277e+00,1.796860098e+00,3.572362602e+00,2.703087406e+00
6.938703983e+06,4.217620000e-03,1.724444642e+00,2.335252284e+00,2.190545291e+00,4.101658133e+00
7.193711103e+06,8.916400000e-03,1.720639824e+00,8.124263322e-01,3.336360926e+00,2.945431608e+00
7.403878717e+06,2.766120000e-02,1.737712635e+00,3.686217411e+00,6.203018844e+00,7.774394620e-02
7.300260620e+06,1.114920000e-02,1.721875518e+00,5.666923511e+00,8.638070800e-01,1.763761674e+00
7.367071846e+06,2.320459000e-02,1.717571536e+00,5.174929157e+00,5.623443869e+00,3.328817613e+00
7.048550340e+06,7.383700000e-03,1.725907228e+00,9.091507340e-01,2.765959401e+00,3.524790163e+00
7.257781568e+06,1.636540000e-02,1.722797051e+00,3.579998418e+00,3.414197375e+00,2.862154968e+00
7.258378043e+06,4.532840000e-02,1.728272149e+00,2.773977444e+00,5.219494395e+00,9.877289476e-01
7.287108947e+06,1.058200000e-02,1.733743756e+00,1.838730547e+00,5.733109887e-01,2.125421821e+00
7.351927066e+06,2.088530000e-02,1.720915586e+00,1.760737019e+00,8.832029240e-01,5.433916820e+00
7.151031595e+06,2.031240000e-02,1.729438029e+00,1.439533604e+00,4.044849411e+00,2.208232458e+00
7.111047211e+06,2.040796000e-02,1.728423993e+00,2.262533141e+00,3.665872108e-01,5.933044334e+00
6.921552814e+06,1.361800000e-02,1.733740266e+00,2.450801808e+00,1.166318018e+00,5.143923383e+00
7.179270109e+06,2.928900000e-03,1.735091151e+00,1.911807483e+00,4.102928732e+00,2.177507681e+00
7.022624085e+06,2.816599000e-02,1.728795748e+00,2.151901956e+00,2.004395454e+00,4.332502361e+00
6.874226889e+06,1.070967000e-02,1.727757277e+00,1.066949442e+00,2.470923709e+00,3.827833426e+00
7.112159259e+06,4.933500000e-03,1.733895600e+00,2.933734412e+00,9.114824939e-01,5.381551706e+00
7.117683430e+06,4.670500000e-03,1.737719616e+00,1.183823670e+00,5.604559406e+00,1.704930116e+00
7.093977564e+06,3.334400000e-03,1.721013325e+00,2.783341135e+00,3.253021454e+00,3.031514738e+00
7.372070311e+06,2.263000000e-02,1.731759317e+00,4.082129644e+00,2.966785712e+00,3.326471891e+00
7.084282054e+06,1.376730000e-02,1.738920403e+00,5.326273638e-01,5.132140665e-02,6.235303944e+00
7.262673443e+06,1.352880000e-02,1.721947076e+00,6.212729856e+00,4.565641697e-01,5.840444145e+00
7.231015832e+06,5.309450000e-03,1.727434391e+00,2.550423456e+00,5.871531950e+00,4.094490065e-01
7.268221862e+06,9.763980000e-03,1.730856982e+00,1.970824046e+00,3.611381183e+00,3.194479621e+00
7.160704258e+06,9.359710000e-03,1.725753639e+00,5.947938974e+00,2.808370902e+00,3.483069812e+00
7.242596320e+06,1.008284000e-02,1.739302630e+00,2.480847651e+00,2.529229923e+00,3.767678908e+00
7.190666090e+06,2.986600000e-03,1.723727312e+00,2.065988123e+00,3.951079851e+00,5.089603501e+00
7.198115644e+06,1.583490000e-02,1.720432130e+00,1.244685047e+00,7.381346473e-01,5.568197216e+00
7.223855034e+06,1.013213000e-02,1.730452065e+00,2.415631678e+00,2.383873667e+00,4.412583303e+00
7.204151869e+06,2.693900000e-03,1.720957474e+00,1.121644570e+00,6.037786778e+00,2.279132968e+00
7.222237383e+06,1.925930000e-02,1.721634662e+00,3.151443292e+00,3.225267229e+00,3.359531917e+00
6.964819804e+06,1.450695000e-02,1.727289529e+00,2.184633861e+00,5.985379777e+00,2.914612584e-01
7.055504252e+06,4.031450000e-03,1.728659612e+00,2.104240505e+00,2.759796644e+00,3.528507714e+00
7.286773120e+06,1.284550000e-02,1.735530974e+00,1.391872153e+00,3.969805489e+00,2.296380311e+00
7.161800381e+06,7.409720000e-03,1.729497370e+00,2.583274043e+00,5.544109927e+00,1.241423026e+00
7.260414102e+06,1.278976000e-02,1.716403910e+00,4.310586261e+00,1.365796934e+00,1.283506405e+00
7.272880676e+06,1.874770000e-02,1.730342110e+00,2.084755649e+00,3.168556245e+00,3.489051056e+00
7.229414311e+06,7.850000000e-05,1.722397371e+00,1.221800290e+00,5.910732045e-02,6.226133985e+00
7.235602874e+06,1.245230000e-02,1.720255852e+00,5.749004600e+00,4.256198311e+00,2.006598060e+00
7.193885681e+06,5.399260000e-03,1.729766151e+00,1.722290906e+00,1.095585059e+00,5.199231122e+00
7.160805503e+06,3.467790000e-03,1.720491471e+00,1.894314048e+00,5.772117996e-01,5.711808143e+00
7.223901187e+06,2.565540000e-02,1.651273459e+00,3.483162315e+00,5.911859528e+00,3.550313858e-01
7.204534974e+06,2.760740000e-03,1.720163350e+00,1.133652436e+00,3.775304252e+00,2.506666306e+00
7.209979093e+06,5.640990000e-03,1.731296805e+00,1.277703186e+00,3.023027202e+00,3.263563243e+00
7.057916443e+06,4.576990000e-03,1.720739308e+00,2.897433309e+00,1.272170492e+00,5.021846329e+00
7.172841305e+06,5.869700000e-03,1.718815955e+00,1.154875639e+00,4.220998511e+00,2.053886010e+00
7.201898450e+06,2.972400000e-03,1.720838792e+00,9.922860023e-01,5.497851721e+00,1.304361345e+00
7.118105987e+06,1.106440000e-02,1.727001550e+00,6.968523745e-01,3.658745928e+00,2.615524237e+00
7.200118628e+06,1.521559000e-02,1.721299559e+00,7.910896821e-01,3.283079515e+00,2.997864790e+00
7.233766125e+06,2.190940000e-03,1.735862586e+00,2.367490261e+00,6.945206146e-01,5.593501000e+00
7.185307575e+06,5.775980000e-03,1.721859810e+00,1.495141540e+00,4.380923030e+00,1.893389023e+00
7.255332269e+06,1.564340000e-02,1.715651673e+00,4.714130819e+00,4.715938980e+00,1.538003335e+00
7.223097534e+06,2.396310000e-03,1.722091938e+00,1.310977888e+00,5.504216937e+00,7.776489015e-01
7.188575191e+06,4.874500000e-03,1.730061112e+00,4.229391799e+00,4.098483379e+00,2.178780026e+00
7.157579956e+06,5.367580000e-03,1.714208286e+00,1.146138521e+00,1.418004968e+00,4.877849684e+00
6.895462759e+06,1.273950000e-03,1.728401304e+00,4.332268487e+00,5.594192150e+00,6.895150103e-01
7.194337040e+06,8.276600000e-03,1.720285523e+00,1.152725394e+00,1.287918598e+00,5.013186005e+00
7.199380262e+06,6.977920000e-03,1.720625862e+00,9.128909746e-01,2.040085692e+00,4.257641698e+00
7.198656023e+06,2.919229000e-02,1.718369151e+00,6.399110076e-01,2.059137706e+00,4.278234838e+00
7.304847542e+06,1.089400000e-02,1.728788767e+00,7.822949680e-01,5.389943249e-01,2.099692177e+00
7.066210402e+06,2.830600000e-03,1.722610301e+00,3.111047646e+00,2.521749442e+00,3.766830678e+00
7.020010860e+06,2.582030000e-03,1.736199435e+00,2.507673361e+00,5.845781362e+00,4.373166787e-01
7.354260279e+06,1.947830000e-02,1.742187659e+00,4.192198833e+00,3.449086507e+00,2.824199293e+00
7.025290840e+06,1.676895000e-02,1.726059072e+00,5.500070034e+00,3.922428526e+00,2.339078046e+00
7.206655126e+06,1.792915000e-02,1.735283137e+00,3.232442277e+00,3.458797518e+00,2.815156742e+00
7.205181269e+06,2.435380000e-03,1.719145823e+00,1.140469692e+00,3.978036462e+00,2.303588521e+00
7.235003022e+06,3.545470000e-03,1.723709859e+00,7.331709309e-01,5.449399636e+00,8.305812471e-01
7.115698363e+06,8.632000000e-04,1.724966496e+00,2.379487654e+00,5.306226786e+00,1.498977773e+00
7.149223493e+06,1.766375000e-02,1.730596928e+00,2.875515464e+00,1.136520012e+00,5.180578788e+00
7.154083604e+06,2.250700000e-03,1.725629721e+00,2.661553805e+00,3.558691438e+00,2.724739960e+00
7.165381993e+06,2.303719000e-02,1.718302829e+00,4.686593014e-01,1.080288994e+00,5.245243237e+00
7.218323669e+06,1.241140000e-02,1.715154255e+00,5.253800586e+00,5.127435258e+00,1.135156910e+00
7.073803131e+06,1.494435000e-02,1.730075074e+00,5.327081726e+00,4.561143983e+00,1.694540171e+00
7.287995317e+06,1.396111000e-02,1.728050492e+00,3.410968516e+00,2.775045585e+00,3.520311648e+00
7.496361426e+06,4.861648000e-02,1.741475565e+00,2.123700926e+00,9.446018618e-01,5.417589265e+00
6.933233521e+06,1.406625000e-02,1.727301746e+00,5.357549938e-01,6.078107375e+00,2.014982621e-01
7.213226274e+06,5.278200000e-03,1.720261088e+00,7.380229462e-01,3.653829336e+00,2.626228341e+00
7.357923238e+06,4.938140000e-02,1.740571484e+00,3.828276740e+00,3.406901899e+00,2.851576528e+00
7.302413782e+06,1.032998000e-02,1.728301820e+00,5.717559003e-01,5.237785445e-01,5.771669446e+00
7.068226138e+06,1.122176000e-02,1.726846215e+00,2.397373789e+00,4.271824244e+00,1.993092702e+00
7.082393612e+06,1.018351000e-02,1.727486751e+00,2.549432109e+00,4.268626801e+00,1.998203026e+00
7.203161098e+06,2.150033000e-02,1.719749706e+00,1.166761332e+00,2.495408933e+00,4.337036726e+00
7.479894963e+06,3.513540000e-02,1.725792036e+00,4.918425099e-01,4.139290922e+00,4.872926110e+00
7.233795246e+06,7.651000000e-04,1.722786579e+00,1.154402655e+00,9.139399175e-01,5.555604666e+00
7.506702168e+06,3.793460000e-02,1.746786602e+00,1.794112950e+00,3.426208731e+00,2.837144400e+00
7.537359855e+06,5.206952000e-02,1.781572759e+00,6.051737195e-01,1.323797331e-01,6.165848567e+00
7.103114859e+06,3.740110000e-03,1.728005114e+00,4.377605159e+00,1.949887076e+00,4.907611039e+00
7.081085964e+06,5.204300000e-03,1.722376427e+00,2.802286684e+00,6.147573224e-01,5.676487915e+00
7.272155799e+06,1.002920000e-02,1.726106196e+00,1.335257163e+00,5.494656023e+00,7.763905191e-01
7.154115876e+06,4.910700000e-03,1.729635251e+00,1.170339257e+00,5.010822829e-01,2.262695457e+00
7.421931034e+06,2.964720000e-02,1.778113517e+00,6.022050890e+00,2.371787262e+00,3.955364635e+00
7.192831724e+06,4.570280000e-03,1.728212808e+00,2.242069156e+00,1.917638628e+00,4.376212387e+00
6.975782348e+06,1.278370000e-02,1.727521658e+00,9.015498251e-01,1.629462079e+00,4.681381461e+00
7.054967198e+06,3.952510000e-03,1.718233015e+00,2.439647408e+00,6.072541520e+00,2.110818651e-01
7.222034483e+06,3.595200000e-03,1.722805778e+00,1.660586535e+00,4.428376787e+00,1.849951269e+00
7.126541933e+06,3.838990000e-03,1.723788398e+00,2.790591233e+00,8.846218767e-01,1.796732689e+00
7.051290769e+06,9.983200000e-03,1.711499535e+00,1.500403707e+00,6.021141573e-01,5.694388012e+00
7.117764319e+06,8.626910000e-03,1.724598231e+00,5.764593881e+00,5.058295785e-01,5.787724730e+00
7.379569132e+06,2.298280000e-02,1.732611038e+00,3.794159044e+00,3.162915341e+00,3.121339853e+00
7.189849321e+06,4.719600000e-03,1.734064897e+00,3.951198534e-01,5.573745618e+00,7.053521279e-01
7.263809553e+06,1.385650000e-02,1.721472346e+00,6.012786682e+00,8.412486995e-02,6.203362674e+00
7.441393204e+06,2.967610000e-02,1.744727113e+00,1.894996471e+00,3.186657055e-01,2.369717301e+00
6.973671670e+06,5.957940000e-03,1.725614013e+00,2.542513624e+00,4.950224998e-01,5.795905088e+00
7.248559137e+06,6.995120000e-03,1.724949042e+00,1.652467264e+00,5.644710706e+00,6.321966523e-01
7.225135118e+06,5.883450000e-03,1.729230335e+00,2.491349297e+00,1.373493836e+00,5.428405070e+00
7.462244483e+06,4.419061000e-02,1.719449510e+00,1.879189024e+00,1.832571280e+00,4.538713012e+00
7.321427296e+06,2.762024000e-02,1.717885695e+00,4.470660879e+00,3.003952498e+00,3.289072975e+00
7.211620796e+06,5.341370000e-03,1.723507400e+00,1.634821985e+00,3.298218501e-01,5.958845536e+00
7.226247649e+06,1.343198000e-02,1.712883581e+00,4.409394586e+00,5.390726902e+00,8.736996062e-01
7.064330635e+06,3.613800000e-03,1.729277459e+00,4.703152698e+00,3.815104740e+00,2.465663286e+00
7.104613025e+06,7.081610000e-03,1.724631392e+00,5.413339388e+00,1.422574240e+00,4.876687295e+00
7.185592364e+06,1.472305000e-02,1.714306025e+00,5.220279793e-02,3.321361567e-03,6.281979285e+00
7.200376270e+06,2.109558000e-02,1.718234761e+00,1.850638928e+00,3.863666781e+00,2.393401419e+00
7.151656275e+06,1.907410000e-03,1.729490389e+00,6.115612755e+00,4.011227388e+00,2.271111434e+00
7.061625800e+06,4.569800000e-03,1.720583974e+00,2.817132455e+00,1.517729591e+00,4.776674693e+00
7.243326080e+06,9.511980000e-03,1.721170404e+00,1.469898843e+00,4.742096230e+00,1.524119241e+00
7.170615649e+06,9.100270000e-03,1.715410818e+00,1.270151146e+00,3.918950085e+00,2.353490975e+00
7.064051734e+06,3.575800000e-03,1.734525664e+00,2.487835949e+00,2.694952426e+00,3.593428726e+00
7.152786551e+06,1.744520000e-03,1.732881564e+00,2.763971471e+00,5.572754271e+00,7.102198512e-01
7.197377316e+06,3.088500000e-03,1.718714726e+00,1.348427417e+00,3.015192419e+00,3.270837775e+00
7.182348681e+06,2.671820000e-02,1.719348281e+00,8.744448618e-01,3.074118225e-01,5.993628203e+00
7.207011392e+06,4.437620000e-03,1.720976673e+00,1.071037003e+00,3.731918857e+00,2.548376185e+00
7.032385651e+06,7.239500000e-03,1.729225099e+00,4.624965438e+00,1.399434665e+00,4.900100887e+00
7.227938614e+06,1.148717000e-02,1.723875665e+00,1.675767409e+00,2.991979539e+00,3.296740207e+00
6.903307563e+06,3.394200000e-03,1.724713423e+00,3.268741635e+00,1.083779652e+00,5.207533653e+00
7.235125925e+06,9.729400000e-03,1.720938276e+00,1.666309470e+00,3.189123205e+00,3.095203547e+00
7.245845495e+06,1.056786000e-02,1.761470057e+00,4.744752621e+00,5.957054828e+00,3.214111084e-01
7.230502692e+06,6.172900000e-03,1.722627754e+00,5.602803605e-01,2.186126117e+00,4.109222390e+00
7.228640711e+06,1.177230000e-02,1.722863374e+00,4.654356783e-01,3.905961345e+00,2.362894809e+00
7.466281272e+06,3.164229000e-02,1.727766004e+00,1.704324487e+00,4.757655840e+00,1.464364404e+00
7.229253464e+06,2.230600000e-03,1.721905188e+00,5.121162544e-01,1.303956428e+00,4.985574896e+00
7.184596280e+06,4.922060000e-03,1.726553000e+00,2.969058130e+00,1.430356663e+00,4.864627070e+00
7.157020485e+06,1.860427000e-02,1.715084441e+00,1.183540927e+00,3.155534344e+00,3.129249685e+00
7.146861267e+06,6.466800000e-03,1.735501303e+00,5.754142850e+00,8.110545034e-03,2.150360830e+00
7.022279112e+06,1.704490000e-02,1.729225099e+00,1.705706787e+00,4.527019306e+00,1.724695970e+00
7.218973485e+06,1.680200000e-03,1.722022125e+00,1.039570462e+00,7.935401244e-01,5.494083555e+00
7.176843218e+06,6.178350000e-03,1.727109760e+00,5.214502753e+00,1.274050211e+00,5.022989519e+00
7.114832432e+06,3.788040000e-03,1.727820109e+00,5.260462508e+00,9.670328333e-01,5.324449769e+00
7.239595921e+06,1.286132000e-02,1.720273305e+00,6.229577519e+00,4.008986385e-01,1.164675663e-01
7.178825659e+06,2.343635000e-02,1.729881343e+00,6.264663873e+00,1.490350611e+00,4.841539854e+00
7.212391265e+06,1.687097000e-02,1.730232154e+00,4.801791726e+00,2.167925824e+00,4.145437971e+00
7.188874110e+06,5.874430000e-03,1.730233899e+00,2.037232079e+00,1.424375420e+00,5.151075743e+00
7.211944537e+06,6.178390000e-03,1.730082056e+00,5.670394971e+00,2.165634206e+00,4.129869635e+00
7.221207659e+06,6.126380000e-03,1.720395478e+00,5.976304065e-01,3.598336592e+00,2.681488956e+00
7.237693588e+06,6.204500000e-03,1.723718585e+00,1.185399703e+00,4.752784626e+00,2.640161305e+00
7.410742210e+06,2.925330000e-02,1.732401598e+00,5.839487705e+00,5.131250548e+00,1.100925767e+00
6.912887903e+06,5.856060000e-03,1.735309317e+00,4.194148366e-01,3.777381194e+00,2.500974788e+00
7.416076493e+06,2.820830000e-02,1.717835080e+00,3.252703804e+00,6.179331235e+00,1.000457634e-01
7.307989676e+06,2.386406000e-02,1.677577316e+00,3.033623095e+00,1.683169351e+00,4.649578071e+00
7.191563287e+06,5.428500000e-03,1.726724042e+00,2.491591898e+00,2.539082307e+00,3.752344445e+00
7.051517308e+06,1.038820000e-02,1.735164454e+00,3.685348237e+00,4.048177754e+00,2.220681891e+00
7.315547666e+06,1.346890000e-02,1.742870083e+00,8.684252212e-01,4.994249183e+00,1.265138560e+00
7.210275093e+06,1.712990000e-02,1.720873699e+00,1.340831745e+00,4.625295305e+00,1.625781180e+00
7.218451328e+06,5.180000000e-03,1.720997617e+00,1.120991817e+00,5.072869284e-01,5.782951254e+00
7.142593214e+06,1.516098000e-02,1.715688325e+00,6.590712321e-01,2.418453875e+00,3.887076882e+00
7.255382246e+06,8.406900000e-03,1.725095650e+00,8.310839019e-01,4.671349308e+00,1.597072259e+00
7.207536864e+06,1.902230000e-02,1.720121462e+00,8.305812471e-01,7.656811788e-01,2.559089016e-01
7.236000521e+06,4.464560000e-03,1.722652189e+00,8.371209958e-01,2.860701109e+00,3.427023799e+00
7.376577549e+06,2.342878000e-02,1.718857843e+00,5.474591718e+00,1.496005478e+00,4.835841354e+00
6.922706399e+06,2.141900000e-03,1.735689799e+00,2.805957112e+00,4.327774264e+00,1.953571466e+00
7.013030761e+06,1.019032000e-02,1.727896903e+00,4.211053625e+00,4.121436204e+00,2.146877153e+00
7.256066747e+06,9.178800000e-03,1.722760399e+00,2.486980738e+00,1.103734002e+00,5.197819151e+00
7.294263330e+06,1.137640000e-02,1.745217551e+00,5.653158099e+00,3.466780654e+00,2.811128522e+00
7.123321976e+06,2.540628000e-02,1.714438670e+00,5.818875366e-01,4.986311425e+00,1.250270100e+00
7.135721122e+06,2.419800000e-03,1.727718880e+00,1.248020371e+00,2.000793095e+00,4.288867384e+00
7.188603836e+06,9.289300000e-03,1.720301231e+00,8.547313679e-01,5.034088068e+00,1.233560318e+00
7.371996518e+06,2.570273000e-02,1.793303117e+00,2.524095164e-01,2.208759547e+00,4.118217816e+00
7.211767909e+06,4.782200000e-03,1.723439333e+00,1.710700174e+00,5.082648364e+00,1.193677799e+00
7.102097385e+06,6.556680000e-03,1.716946708e+00,1.662457528e+00,4.427516340e-01,5.848093923e+00
7.124307621e+06,9.529900000e-03,1.759222073e+00,1.633329729e+00,2.762192981e-01,6.014165492e+00
7.312162964e+06,1.497690000e-02,1.731898943e+00,5.776823403e+00,9.033579862e-01,5.405183464e+00
7.183401515e+06,1.003480000e-02,1.735958579e+00,1.619112276e+00,4.982565949e-02,2.620423376e+00
7.236144741e+06,4.759580000e-03,1.722940168e+00,6.762819239e-01,8.960345847e-01,5.396603426e+00
7.181615749e+06,3.339970000e-03,1.728732916e+00,1.873682511e+00,3.117594376e-01,5.975518667e+00
7.183108061e+06,5.831820000e-03,1.724535399e+00,2.220434054e+00,5.317241559e+00,9.584231241e-01
7.171447316e+06,4.875010000e-03,1.721760326e+00,1.550777400e+00,3.691706471e+00,2.588441963e+00
7.219711257e+06,8.445800000e-03,1.730288005e+00,2.161719433e+00,8.496053359e-01,5.448244228e+00
7.465220205e+06,3.196933000e-02,1.759599064e+00,4.991592791e+00,4.868161361e+00,1.354061340e+00
7.303910855e+06,1.165450000e-02,1.721844102e+00,2.896426254e-01,1.625734056e+00,4.682763762e+00
7.255072506e+06,3.969200000e-03,1.716342824e+00,4.836143296e+00,2.603565241e+00,3.685747917e+00
7.231109697e+06,2.544805000e-02,1.714374092e+00,3.170615734e+00,3.749260449e+00,5.656582435e+00
7.284565970e+06,9.534000000e-03,1.725114849e+00,1.230059188e+00,6.118708969e+00,1.229256336e+00
7.105803755e+06,2.554740000e-02,1.733036898e+00,5.342402226e+00,1.002202963e+00,5.325633102e+00
7.243826635e+06,6.112510000e-03,1.730254843e+00,3.115512199e+00,9.815993513e-01,5.313754391e+00
7.130894448e+06,2.783851000e-02,1.724371338e+00,1.022693128e-01,2.600032695e+00,3.714517925e+00
7.161079604e+06,1.767750000e-02,1.717105533e+00,1.178816321e+00,9.680590869e-01,5.831855380e+00
7.191916397e+06,3.193300000e-03,1.732181687e+00,5.665752395e+00,4.807263333e+00,1.471617992e+00
7.259271803e+06,1.226735000e-02,1.722987292e+00,6.907018342e-01,4.173830988e+00,2.090249945e+00
7.013362953e+06,5.290010000e-03,1.720734072e+00,3.155492456e+00,3.015593844e+00,3.271050706e+00
7.371633561e+06,4.993786000e-02,1.727135940e+00,2.790825107e+00,5.787096411e+00,4.519617365e-01
7.186336270e+06,5.172300000e-03,1.719840464e+00,1.113378691e+00,2.070683059e+00,4.223665374e+00
7.394985187e+06,2.538690000e-02,1.725839160e+00,4.793567735e+00,5.578957171e+00,3.884006848e+00
7.088311805e+06,4.010350000e-03,1.730301967e+00,2.979563267e+00,5.516298106e+00,2.970510244e+00
7.204940118e+06,9.887160000e-03,1.720151132e+00,5.084580443e-01,4.998839399e+00,1.267463339e+00
7.101147652e+06,2.657820000e-02,1.727427410e+00,1.464134020e+00,5.150124538e+00,1.087375031e+00
7.285044163e+06,2.838364000e-02,1.726554745e+00,1.044583048e+00,5.832108453e+00,4.287540934e-01
7.213578825e+06,1.056520000e-02,1.726188226e+00,3.637397061e+00,4.567545851e+00,1.696760230e+00
7.415633901e+06,2.892238000e-02,1.802775019e+00,4.495441064e+00,1.540769682e+00,4.802151264e+00
7.266511541e+06,1.560900000e-02,1.737307719e+00,6.030665835e+00,5.679716774e+00,5.879176492e-01
7.493819947e+06,4.269573000e-02,1.672864927e+00,6.255191971e+00,1.113237319e+00,5.247402209e+00
7.131919933e+06,9.665080000e-03,1.728301820e+00,2.397132933e+00,2.045595697e+00,4.256922623e+00
7.063782608e+06,1.155900000e-03,1.725383629e+00,3.176890192e+00,5.455611262e+00,8.279632532e-01
7.213111194e+06,2.661740000e-02,1.722503836e+00,3.651921691e+00,2.528833733e+00,3.787589624e+00
7.400276598e+06,4.007250000e-02,1.725055507e+00,4.371262633e+00,5.343412771e+00,8.781362332e-01
7.163315532e+06,4.320200000e-03,1.718365660e+00,1.029122921e+00,5.474553321e+00,1.332281377e+00
7.256285644e+06,1.511720000e-02,1.718103861e+00,5.001232245e+00,1.050059891e+00,1.052140324e+00
7.442549186e+06,2.839240000e-02,1.727500714e+00,2.739002791e+00,1.225709827e-01,6.169321772e+00
7.246213447e+06,8.025330000e-03,1.724421953e+00,5.938116261e-01,1.796795521e+00,4.504099642e+00
8.080768107e+06,1.069394500e-01,1.721140734e+00,4.828969993e+00,3.630166162e+00,2.547185870e+00
7.272635688e+06,7.345900000e-03,1.725504057e+00,4.982845201e-01,2.219634694e+00,4.077340460e+00
7.485062704e+06,4.074189000e-02,1.726013693e+00,1.459793386e-02,4.824666011e+00,1.379811928e+00
7.245178605e+06,4.658200000e-03,1.724011801e+00,1.836589028e+00,5.622012699e+00,6.574986905e-01
7.209325887e+06,2.156272000e-02,1.696430362e+00,2.718521352e+00,2.329099999e+00,3.987848703e+00
6.946658808e+06,1.832690000e-02,1.721437440e+00,3.305287084e+00,2.052753292e+00,4.265274023e+00
7.151278353e+06,5.416630000e-03,1.705523528e+00,4.781128773e+00,4.213359205e+00,2.062377037e+00
7.171255168e+06,1.825210000e-03,1.723664480e+00,2.104648912e+00,4.316085794e+00,1.965794007e+00
7.090970810e+06,1.832096000e-02,1.713627091e+00,1.007505273e+00,1.837901516e+00,4.482857240e+00
7.194213685e+06,4.217700000e-03,1.721594519e+00,1.646248656e+00,2.817718886e+00,3.470227680e+00
7.249535977e+06,5.804500000e-03,1.726579180e+00,1.911451436e+00,5.492586063e+00,7.843998351e-01
7.206683800e+06,1.114650000e-02,1.720795159e+00,7.683131353e-01,3.720951208e+00,3.674961782e+00
7.218180910e+06,2.957400000e-03,1.723256073e+00,1.289178725e+00,1.465650711e+00,4.825463627e+00
7.584470072e+06,5.097357000e-02,1.730410178e+00,4.190083494e+00,5.013077795e+00,1.175774212e+00
7.107605570e+06,2.436145000e-02,1.729150050e+00,2.482811146e+00,2.453095170e+00,3.863624893e+00
7.315724162e+06,3.063450000e-02,1.733387709e+00,2.040995009e+00,4.223880049e+00,2.006680090e+00
7.106328644e+06,5.436620000e-03,1.717075862e+00,4.033394815e+00,1.413449659e+00,4.882548110e+00
7.722407246e+06,6.578780000e-02,1.743039380e+00,5.210605433e+00,2.950709484e+00,3.360795536e+00
7.459203044e+06,4.589072000e-02,1.792495030e+00,6.077384808e+00,6.012048408e+00,2.491928746e-01
6.892391060e+06,1.203500000e-03,1.722036088e+00,3.671652638e+00,4.650480406e+00,1.632450083e+00
7.017783834e+06,1.275960000e-02,1.730710374e+00,4.775433764e+00,4.733280572e+00,1.526499870e+00
8.098428097e+06,1.076242000e-01,1.726757203e+00,9.934745715e-01,1.650716699e+00,4.849863330e+00
7.203715246e+06,3.603500000e-03,1.721018561e+00,1.084027489e+00,4.471180987e+00,1.807056312e+00
7.627729426e+06,5.425560000e-02,1.739220600e+00,5.141338551e-01,2.868343906e+00,3.447395282e+00
7.085296591e+06,6.973490000e-03,1.717597716e+00,1.014821694e-01,2.230241059e+00,5.041374818e+00
7.233406903e+06,8.677300000e-03,1.723118192e+00,1.498740409e+00,1.163054252e+00,5.138055586e+00
7.020434118e+06,2.131040000e-03,1.728701500e+00,4.789248045e+00,2.516794452e+00,2.087989744e-01
7.504474179e+06,3.950102000e-02,1.728223280e+00,1.143335522e+00,4.068128612e+00,4.428286030e+00
7.320816943e+06,3.384770000e-02,1.713901108e+00,1.441928196e+00,2.935289500e+00,5.501392994e+00
7.103611135e+06,1.791000000e-03,1.726415119e+00,1.807908032e+00,5.599155867e-01,5.727245581e+00
7.068567314e+06,2.692890000e-02,1.716889112e+00,5.529799973e+00,5.351858420e+00,8.906781692e-01
7.242061737e+06,7.012380000e-03,1.722591102e+00,9.384286322e-01,4.140367790e+00,4.883340490e+00
7.213295255e+06,1.446618000e-02,1.713794643e+00,1.790037606e+00,5.236591640e+00,3.158421118e+00
7.395016839e+06,4.647199000e-02,1.713967431e+00,1.312585336e+00,2.075233133e+00,9.063041020e-01
7.081178619e+06,1.422323000e-02,1.749158504e+00,1.315526216e+00,3.213035961e+00,5.306502548e+00
7.147689901e+06,7.957770000e-03,1.724776255e+00,3.230040704e+00,3.170732671e+00,3.342940817e+00
7.159550411e+06,4.942900000e-03,1.725968315e+00,3.016897605e+00,3.975331201e+00,2.302590193e+00
7.287431838e+06,1.128850000e-02,1.727125468e+00,9.599851938e-01,5.259804519e+00,1.491999947e+00
6.944894627e+06,4.659810000e-03,1.723413153e+00,4.063737364e-01,3.981778448e+00,3.404809249e+00
7.081302954e+06,4.459720000e-03,1.736524066e+00,1.307232411e+00,1.706085524e+00,4.905115218e+00
7.258624211e+06,2.099769000e-02,1.785342670e+00,2.569519103e+00,1.418369742e+00,4.908228885e+00
7.439614430e+06,3.174870000e-02,1.722468929e+00,4.698738760e+00,2.166353282e+00,4.172141509e+00
7.338867716e+06,1.628965000e-02,1.738243215e+00,1.556345001e+00,3.991707626e+00,3.357730737e+00
7.188607685e+06,5.657100000e-03,1.729242552e+00,2.918705381e+00,6.243156181e+00,4.161737601e-02
7.147137467e+06,7.427440000e-03,1.730441593e+00,1.504206780e+00,5.799645329e+00,4.787158886e-01
7.154242520e+06,5.693250000e-03,1.728511259e+00,1.738051229e-01,1.332574592e+00,4.963726865e+00
7.180104286e+06,4.775520000e-03,1.728994716e+00,6.022293491e+00,3.605115451e+00,2.675855033e+00
7.288606406e+06,8.244540000e-03,1.728122051e+00,1.570860904e+00,4.963819367e+00,1.305441703e+00
7.000830559e+06,5.386700000e-03,1.729338545e+00,4.977118776e+00,2.590536358e+00,3.700434863e+00
7.187373707e+06,5.119220000e-03,1.722913988e+00,2.125797066e+00,2.419253236e-01,2.618430210e-01
7.018379126e+06,3.335000000e-04,1.724538890e+00,3.643727370e+00,6.948208112e-01,5.590896969e+00
7.145094944e+06,7.154000000e-03,1.726301672e+00,5.168642481e+00,3.130918220e+00,3.154509835e+00
7.213179229e+06,7.098210000e-03,1.722772617e+00,1.267292297e+00,1.754876203e-01,2.868947790e+00
7.196561464e+06,2.038360000e-02,1.729891815e+00,3.565629122e+00,5.325172335e+00,9.269757817e-01
7.126520250e+06,2.253910000e-02,1.716005975e+00,8.931844620e-01,5.677257605e+00,5.826310469e-01
7.483867300e+06,3.561921000e-02,1.707190317e+00,5.857532664e+00,3.220476300e+00,3.059026363e+00
7.350530106e+06,2.057080000e-02,1.720868463e+00,1.791905108e+00,6.191398442e-01,5.689590102e+00
7.184972386e+06,2.204578000e-02,1.721662587e+00,1.908123093e+00,4.136016684e+00,2.111961841e+00
7.250413566e+06,4.613900000e-03,1.725355704e+00,1.730478245e+00,3.980591624e+00,2.297760867e+00
7.254537625e+06,5.666200000e-03,1.728240733e+00,1.685364975e+00,1.240988439e+00,5.054934281e+00
7.416826534e+06,2.884465000e-02,1.727389013e+00,3.707857748e+00,1.309883566e+00,5.030695148e+00
7.071879579e+06,1.991952000e-02,1.736195944e+00,2.245844303e+00,5.262916441e+00,1.320008221e+00
7.191113062e+06,5.038000000e-03,1.720182548e+00,1.224449699e+00,1.614218373e+00,4.681093482e+00
7.183253710e+06,7.769800000e-03,1.716739014e+00,5.566483303e-01,6.282288208e+00,2.921681168e-03
7.183540251e+06,1.001070000e-02,1.718130041e+00,5.293948395e+00,5.782476525e+00,4.931951400e-01
7.195760829e+06,2.713050000e-02,1.739341027e+00,5.775294495e+00,4.829219575e+00,1.402249881e+00
7.259552868e+06,5.599950000e-03,1.733356293e+00,5.335960216e+00,2.766498708e+00,3.522854593e+00
7.250854831e+06,7.640500000e-03,1.729989553e+00,1.534111251e+00,1.141946240e+00,5.157132035e+00
7.162507364e+06,5.716800000e-03,1.729155286e+00,2.858831861e+00,3.443997126e+00,2.837847768e+00
7.284381812e+06,2.248760000e-02,1.726785129e+00,6.742800312e-01,4.482337132e+00,1.758935839e+00
7.291094250e+06,2.240575000e-02,1.721044741e+00,2.042209758e+00,5.861611498e+00,4.054871091e-01
7.405168382e+06,4.280054000e-02,1.729450246e+00,2.081741465e-01,1.092994991e+00,5.267021455e+00
7.266406079e+06,3.783923000e-02,1.717997396e+00,6.239522405e+00,3.218673375e+00,3.060665227e+00
7.236668137e+06,7.359120000e-03,1.724140955e+00,1.155793683e+00,2.891759243e+00,3.397148999e+00
7.652909127e+06,5.552260000e-02,1.740018215e+00,1.251512775e+00,4.659392058e+00,1.514654321e+00
7.225633280e+06,9.814320000e-03,1.720924313e+00,7.829337585e-01,8.760680180e-02,6.199303038e+00
7.362599510e+06,2.265770000e-02,1.717054918e+00,5.091219676e+00,4.751213830e+00,1.488732691e+00
7.208933395e+06,2.667510000e-02,1.711291841e+00,1.428014431e+00,2.846426061e+00,3.454711703e+00
7.156131434e+06,1.096258000e-02,1.718260941e+00,4.848158143e-01,5.451811681e+00,8.173115088e-01
7.202000350e+06,5.797240000e-03,1.730581220e+00,1.303523586e+00,2.689733892e+00,4.107920374e+00
7.069641173e+06,1.437003000e-02,1.733963668e+00,2.875964013e+00,4.203658665e+00,2.056404521e+00
7.216654901e+06,1.227260000e-02,1.723266545e+00,1.159938840e+00,3.904856551e+00,2.363324160e+00
7.122425224e+06,3.159470000e-03,1.725647174e+00,3.264582515e+00,8.030382061e-01,5.486754918e+00
6.894123283e+06,1.587240000e-03,1.730090782e+00,1.321523167e+00,5.410773754e+00,8.721218286e-01
7.256272270e+06,1.047850000e-02,1.720974928e+00,8.020381325e-01,6.721856361e-01,6.110594933e+00
7.032820126e+06,7.095640000e-03,1.732509809e+00,9.264818535e-01,3.494608184e+00,3.786305062e+00
7.524210046e+06,5.015354000e-02,1.722599829e+00,1.227987482e+00,1.364501900e+00,5.018013586e+00
7.407638332e+06,2.469990000e-02,1.736265757e+00,5.416706128e+00,6.186668600e-01,5.694677737e+00
7.105444103e+06,1.636933000e-02,1.717355115e+00,2.124634677e+00,2.928018458e+00,3.364321101e+00
7.185781582e+06,3.467426000e-02,1.716742504e+00,1.814252304e+00,2.564171415e+00,4.897941914e+00
7.188438746e+06,6.348200000e-03,1.730286259e+00,1.127664211e+00,3.340479903e+00,2.942258600e+00
7.209028788e+06,2.239400000e-02,1.720707892e+00,1.172575023e+00,2.067583354e+00,4.257374663e+00
7.202283528e+06,4.903000000e-04,1.733972395e+00,1.056311661e+00,4.784628158e+00,1.499630527e+00
7.421308628e+06,2.891904000e-02,1.720905114e+00,4.672267352e+00,4.446016830e+00,1.783073742e+00
7.137611386e+06,8.630240000e-03,1.715470159e+00,1.910634621e+00,4.406054026e+00,2.975976616e+00
7.220052876e+06,9.105790000e-03,1.733003737e+00,3.409382011e+00,6.283120730e+00,2.083923127e-03
7.158974505e+06,2.173710000e-02,1.717093315e+00,1.202418408e+00,2.283957058e+00,4.034571167e+00
7.239604098e+06,4.109500000e-03,1.723442823e+00,1.246540332e+00,3.278782514e+00,3.005329563e+00
7.255404489e+06,8.614160000e-03,1.732443486e+00,1.721873772e+00,3.808400930e+00,2.466131034e+00
7.325865539e+06,1.793114000e-02,1.730602164e+00,3.446520873e+00,2.849998750e+00,3.445697077e+00
7.201585967e+06,7.015500000e-03,1.722182695e+00,1.422219938e+00,4.839532726e+00,1.431796560e+00
7.376417523e+06,3.367070000e-02,1.728533949e+00,1.301312254e+00,5.939744653e+00,3.232105429e-01
7.252535268e+06,5.321330000e-03,1.723308433e+00,4.787167612e+00,3.959419034e+00,2.318029375e+00
7.328232141e+06,1.420660000e-02,1.727395994e+00,3.320031626e+00,4.169462429e+00,2.091298888e+00
7.395540978e+06,3.098265000e-02,1.730080310e+00,5.792243387e+00,4.830027663e+00,1.393785034e+00
7.306815992e+06,1.296590000e-02,1.728745133e+00,1.377803054e+00,2.502371051e+00,3.798457790e+00
7.099722038e+06,2.803929000e-02,1.735307571e+00,2.826937715e+00,3.175090758e+00,3.108340641e+00
7.283080725e+06,7.987030000e-03,1.727247641e+00,6.842807679e-01,2.974803754e+00,3.313102669e+00
7.016626167e+06,6.956580000e-03,1.727284293e+00,6.028992064e+00,1.131184540e+00,5.166661533e+00
7.446955442e+06,5.703100000e-02,1.727125468e+00,1.346985775e+00,5.347224571e+00,8.483260096e-01
7.321551658e+06,1.870120000e-02,1.786676102e+00,4.938238076e+00,4.408178092e+00,1.841184480e+00
7.409705187e+06,5.019211000e-02,1.733394691e+00,3.175558506e+00,7.056313806e-01,5.642714049e+00
7.125262515e+06,3.087600000e-02,1.730658014e+00,1.717164874e+00,3.053383713e+00,3.237536893e+00
7.440676195e+06,3.117528000e-02,1.744262856e+00,6.067274116e+00,5.931265843e+00,3.327924005e-01
7.185347371e+06,5.234070000e-03,1.723069323e+00,2.181223487e+00,2.238524392e-01,6.063690955e+00
7.189846736e+06,5.257310000e-03,1.722840685e+00,2.124955818e+00,3.711233215e-01,5.917905348e+00
7.187558710e+06,5.471310000e-03,1.723034416e+00,2.116824329e+00,4.221445315e-01,5.867550854e+00
7.184308740e+06,5.254800000e-03,1.723231638e+00,2.232984717e+00,2.204036686e-01,6.067115291e+00
7.189314013e+06,5.412510000e-03,1.723116447e+00,1.928908219e+00,1.002007486e+00,5.292326984e+00
7.183655041e+06,5.473630000e-03,1.723226402e+00,2.228240912e+00,1.264735389e-01,6.160129123e+00
7.088889843e+06,3.466400000e-03,1.726469224e+00,3.351362031e+00,5.384031819e+00,8.958129279e-01
7.184284041e+06,5.268550000e-03,1.723264800e+00,2.236426506e+00,1.834114151e-01,6.103732299e+00
7.179581233e+06,5.105470000e-03,1.723428861e+00,2.271092236e+00,1.937699442e-01,6.093419148e+00
7.186191211e+06,5.322160000e-03,1.723088521e+00,2.189499839e+00,2.439272163e-01,6.043862269e+00
7.187221742e+06,5.270390000e-03,1.722990783e+00,2.141175162e+00,3.177843142e-01,5.970724247e+00
7.181714808e+06,5.106850000e-03,1.723334613e+00,2.235703940e+00,2.965576199e-01,5.991647254e+00
7.188663583e+06,5.243150000e-03,1.723079795e+00,2.130811397e+00,4.032059638e-01,5.886122902e+00
7.187659804e+06,5.244580000e-03,1.723109465e+00,2.154090599e+00,3.425470456e-01,5.946191899e+00
7.485188162e+06,3.607480000e-02,1.722381663e+00,2.952390236e+00,3.437862294e-01,5.964996077e+00
7.189911740e+06,7.766060000e-03,1.728677066e+00,2.465586492e+00,2.917015903e+00,3.371726533e+00
7.181220162e+06,5.075030000e-03,1.723612120e+00,2.275399708e+00,3.035406822e-01,5.984713061e+00
7.186374305e+06,5.235880000e-03,1.723144372e+00,2.171107559e+00,3.719558435e-01,5.917065845e+00
7.195348477e+06,1.188080000e-02,1.719669421e+00,4.613306639e-01,4.343949975e+00,1.919066307e+00
7.201980573e+06,1.752350000e-02,1.720720110e+00,1.352090864e+00,5.337199399e+00,1.976761656e+00
7.232677052e+06,1.000310000e-02,1.731480064e+00,2.237203178e+00,2.670374700e+00,4.643675368e+00
7.178633298e+06,8.330960000e-03,1.719440783e+00,8.149919662e-01,5.897025974e+00,6.530620635e-01
7.205873367e+06,2.039860000e-02,1.721512489e+00,1.591836271e+00,1.114900618e+00,5.206695895e+00
7.257611651e+06,1.813112000e-02,1.711806713e+00,4.455788928e+00,4.456691264e+00,1.793346750e+00
7.198359867e+06,1.665810000e-02,1.713038916e+00,1.268402326e+00,5.837208305e+00,9.331263219e-01
7.185125240e+06,4.187540000e-03,1.725727459e+00,2.550236706e+00,5.254837312e-01,5.390274862e-01
7.112220880e+06,1.043718000e-02,1.714510228e+00,1.135635130e+00,7.240515855e-01,5.574939423e+00
7.118574878e+06,3.449700000e-03,1.726240586e+00,3.048814441e+00,3.173104573e+00,3.111949982e+00
7.340350979e+06,2.427590000e-02,1.736651475e+00,3.864270665e+00,2.620868435e+00,5.867252402e+00
7.180562609e+06,3.463670000e-02,1.714477067e+00,4.508187203e+00,3.651408564e+00,4.788438212e+00
7.269150880e+06,7.104700000e-03,1.726404647e+00,7.627019018e-01,5.615474695e+00,6.609666597e-01
7.380405567e+06,2.641240000e-02,1.723067577e+00,2.972908327e+00,1.908430271e+00,5.519816690e+00
7.318092016e+06,1.854429000e-02,1.720732327e+00,2.274080240e+00,5.118059349e+00,1.133235302e+00
7.175100154e+06,2.695500000e-03,1.720046412e+00,1.690344399e+00,2.221196763e+00,6.250027542e+00
7.139472415e+06,5.193250000e-03,1.733070059e+00,1.872595170e+00,4.166235315e+00,2.110132736e+00
7.231403438e+06,6.011030000e-03,1.738274631e+00,2.484151559e+00,1.314836811e+00,7.604696257e-01
7.279603564e+06,2.352053000e-02,1.714054697e+00,4.410410368e+00,4.818656843e+00,1.419872470e+00
7.497309757e+06,3.537840000e-02,1.726992823e+00,5.722760084e-01,1.452277999e+00,4.902895159e+00
7.349221906e+06,1.622230000e-02,1.723547543e+00,4.722899353e+00,5.098403451e+00,1.156858333e+00
7.185273357e+06,5.364100000e-03,1.711754353e+00,1.769957593e+00,3.334311910e-01,5.955299027e+00
6.980393861e+06,1.704840000e-02,1.722577140e+00,2.116494461e+00,4.266668541e+00,1.987724069e+00
7.111740381e+06,3.801800000e-03,1.728446682e+00,4.709865234e+00,2.491831008e+00,4.325854402e+00
6.934770814e+06,1.219243000e-02,1.726830507e+00,1.195163075e+00,2.097856090e+00,4.208652052e+00
7.219716423e+06,6.685750000e-03,1.722886063e+00,1.441689086e+00,5.317974598e+00,1.227671577e+00
7.249192347e+06,6.369440000e-03,1.750497172e+00,5.470586187e+00,1.584729290e+00,4.713224993e+00
6.906990750e+06,1.135400000e-03,1.714724904e+00,1.500726593e+00,5.714565764e+00,1.685422571e+00
7.193560208e+06,5.408500000e-03,1.727830581e+00,5.525576276e+00,3.314167319e+00,5.115832309e+00
7.093656299e+06,8.619000000e-03,1.728298329e+00,4.265294967e+00,2.369898815e+00,3.927465547e+00
7.212191956e+06,1.168867000e-02,1.718081172e+00,5.743894276e+00,4.885872963e+00,1.857524252e+00
7.205159439e+06,4.178600000e-03,1.726151574e+00,1.550152572e+00,2.250057528e+00,4.041700837e+00
7.236988603e+06,1.294865000e-02,1.732356220e+00,3.395258807e-01,4.643855137e+00,1.615520389e+00
